,Closest City Name,Closest Country Code,Latitude,Longitude,Temperature,Max Temperature,Wind Speed,Humidity,Cloudiness,Date
32,taolanaro,MG,,,,,,,,
160,albany,AU,-35.02,117.88,117.88,53.4,11.65,73.0,36.0,1538483253.0
173,bima,ID,-8.45,118.73,118.73,76.08,3.6,91.0,0.0,1538483255.0
1208,ushuaia,AR,-54.81,-68.31,-68.31,33.8,23.04,86.0,90.0,1538480580.0
864,saldanha,ZA,-33.01,17.94,17.94,66.2,17.22,67.0,20.0,1538481600.0
346,cururupu,BR,-1.82,-44.87,-44.87,87.33,12.44,62.0,44.0,1538483284.0
1084,vostok,RU,46.45,135.83,135.83,51.33,7.74,65.0,92.0,1538483400.0
428,xinyang,CN,32.13,114.07,114.07,60.06,1.92,71.0,0.0,1538483300.0
1319,hobart,AU,-42.88,147.33,147.33,59.0,12.75,47.0,75.0,1538481600.0
1029,soyo,AO,-6.13,12.37,12.37,85.26,4.38,67.0,12.0,1538483394.0
1480,albany,AU,-35.02,117.88,117.88,53.4,11.65,73.0,36.0,1538483253.0
821,nikolskoye,RU,59.7,30.79,30.79,50.0,11.18,76.0,75.0,1538479800.0
1143,bambous virieux,MU,-20.34,57.76,57.76,75.2,11.41,64.0,75.0,1538481600.0
1024,klaksvik,FO,62.23,-6.59,-6.59,44.6,18.34,81.0,75.0,1538481000.0
965,hithadhoo,MV,-0.6,73.08,73.08,82.74,19.82,100.0,92.0,1538483264.0
987,mataura,PF,,,,,,,,
1359,sibolga,ID,1.74,98.78,98.78,70.23,1.59,100.0,68.0,1538483452.0
612,ilulissat,GL,69.22,-51.1,-51.1,30.2,17.22,54.0,75.0,1538481000.0
746,ushuaia,AR,-54.81,-68.31,-68.31,33.8,23.04,86.0,90.0,1538480580.0
25,thinadhoo,MV,0.53,72.93,72.93,83.46,17.47,100.0,88.0,1538483229.0
891,mataura,PF,,,,,,,,
550,pimenta bueno,BR,-11.68,-61.19,-61.19,76.26,2.93,90.0,76.0,1538483320.0
885,conway,US,33.84,-79.05,-79.05,69.98,3.36,93.0,20.0,1538481600.0
904,saint-philippe,RE,-21.36,55.77,55.77,75.2,13.87,50.0,75.0,1538481600.0
53,port alfred,ZA,-33.59,26.89,26.89,70.32,25.52,71.0,48.0,1538483229.0
5,mataura,PF,,,,,,,,
558,ushuaia,AR,-54.81,-68.31,-68.31,33.8,23.04,86.0,90.0,1538480580.0
907,busselton,AU,-33.64,115.35,115.35,62.04,22.39,99.0,80.0,1538483239.0
604,ukiah,US,39.15,-123.21,-123.21,60.98,1.92,93.0,90.0,1538481360.0
999,bilma,NE,18.69,12.92,12.92,104.88,8.63,17.0,0.0,1538483289.0
616,rikitea,PF,-23.12,-134.97,-134.97,66.99,19.71,100.0,92.0,1538483237.0
317,taolanaro,MG,,,,,,,,
1001,los llanos de aridane,ES,28.66,-17.92,-17.92,77.0,4.7,73.0,40.0,1538481600.0
1004,punta arenas,CL,-53.16,-70.91,-70.91,33.8,23.04,69.0,40.0,1538478000.0
1174,cockburn town,TC,21.46,-71.14,-71.14,82.74,7.07,99.0,80.0,1538483423.0
972,poum,NC,-20.23,164.02,164.02,70.41,18.03,100.0,0.0,1538483344.0
218,atar,MR,20.52,-13.05,-13.05,100.4,4.7,26.0,8.0,1538481600.0
780,tabou,CI,4.42,-7.36,-7.36,79.23,9.64,100.0,80.0,1538483354.0
772,babanusah,SD,,,,,,,,
1076,nikolskoye,RU,59.7,30.79,30.79,50.0,11.18,76.0,75.0,1538479800.0
575,saskylakh,RU,71.97,114.09,114.09,27.12,4.83,90.0,92.0,1538483244.0
75,ushuaia,AR,-54.81,-68.31,-68.31,33.8,23.04,86.0,90.0,1538480580.0
561,chokurdakh,RU,70.62,147.9,147.9,31.8,3.38,90.0,88.0,1538483286.0
1456,yellowknife,CA,62.45,-114.38,-114.38,32.0,18.34,100.0,90.0,1538481600.0
609,sabha,LY,27.03,14.43,14.43,87.51,15.01,26.0,92.0,1538483328.0
1091,tuktoyaktuk,CA,69.44,-133.03,-133.03,24.6,11.43,100.0,24.0,1538483299.0
664,samusu,WS,,,,,,,,
800,flinders,AU,-34.58,150.85,150.85,55.4,6.73,82.0,8.0,1538478000.0
1017,abu zabad,SD,12.35,29.25,29.25,90.93,4.61,72.0,0.0,1538483392.0
119,tezu,IN,27.93,96.16,96.16,62.76,1.25,98.0,100.0,1538483246.0
640,jiuquan,CN,39.73,98.49,98.49,40.89,2.37,51.0,0.0,1538483116.0
1315,lebu,CL,-37.62,-73.65,-73.65,50.7,15.01,100.0,80.0,1538483247.0
1060,bluff,NZ,-46.6,168.33,168.33,48.18,12.77,100.0,0.0,1538483250.0
1454,san rafael,AR,-34.61,-68.33,-68.33,43.59,2.93,43.0,0.0,1538483363.0
617,vaini,TO,-21.2,-175.2,-175.2,69.8,10.29,83.0,20.0,1538481600.0
676,mataura,PF,,,,,,,,
762,juneau,US,58.3,-134.42,-134.42,37.94,8.05,15.0,1.0,1538481180.0
363,albany,AU,-35.02,117.88,117.88,53.4,11.65,73.0,36.0,1538483253.0
868,flers,FR,48.75,-0.57,-0.57,60.8,14.99,93.0,90.0,1538481600.0
920,wajir,KE,1.75,40.07,40.07,93.2,13.87,30.0,40.0,1538481600.0
1307,ibra,OM,22.69,58.55,58.55,94.8,4.72,20.0,0.0,1538483444.0
63,haines junction,CA,60.75,-137.51,-137.51,13.53,2.15,83.0,0.0,1538483236.0
1105,atuona,PF,-9.8,-139.03,-139.03,78.78,12.66,100.0,92.0,1538483238.0
661,mys shmidta,RU,,,,,,,,
337,princeton,CA,49.46,-120.51,-120.51,50.0,5.82,87.0,90.0,1538481600.0
461,butaritari,KI,3.07,172.79,172.79,84.81,3.94,100.0,20.0,1538483235.0
688,esperance,AU,-33.86,121.89,121.89,56.1,11.1,78.0,92.0,1538483334.0
1452,nome,US,30.04,-94.42,-94.42,73.04,3.36,93.0,1.0,1538481300.0
1415,atuona,PF,-9.8,-139.03,-139.03,78.78,12.66,100.0,92.0,1538483238.0
774,nanchong,CN,30.8,106.08,106.08,61.14,0.69,90.0,92.0,1538483353.0
524,idrinskoye,RU,54.37,92.14,92.14,45.57,5.39,98.0,92.0,1538483316.0
137,rikitea,PF,-23.12,-134.97,-134.97,66.99,19.71,100.0,92.0,1538483237.0
152,vao,NC,-22.67,167.48,167.48,69.69,11.99,100.0,0.0,1538483252.0
452,saskylakh,RU,71.97,114.09,114.09,27.12,4.83,90.0,92.0,1538483244.0
623,busselton,AU,-33.64,115.35,115.35,62.04,22.39,99.0,80.0,1538483239.0
85,vaitape,PF,-16.52,-151.75,-151.75,75.09,24.74,100.0,88.0,1538483240.0
1199,hilo,US,19.71,-155.08,-155.08,71.96,6.93,73.0,1.0,1538481360.0
343,nantucket,US,41.28,-70.1,-70.1,62.96,4.7,96.0,75.0,1538482500.0
635,marfino,RU,56.07,37.56,37.56,50.0,11.18,76.0,40.0,1538479800.0
506,avarua,CK,-21.21,-159.78,-159.78,68.0,6.93,49.0,20.0,1538481600.0
1223,berlevag,NO,70.86,29.09,29.09,39.2,23.04,69.0,75.0,1538481000.0
455,gangotri,IN,,,,,,,,
1254,port alfred,ZA,-33.59,26.89,26.89,70.32,25.52,71.0,48.0,1538483229.0
989,dampit,ID,-7.39,111.58,111.58,82.83,2.26,67.0,80.0,1538483388.0
894,rikitea,PF,-23.12,-134.97,-134.97,66.99,19.71,100.0,92.0,1538483237.0
314,pisco,PE,-13.71,-76.2,-76.2,71.6,3.36,30.0,20.0,1538481600.0
1464,atuona,PF,-9.8,-139.03,-139.03,78.78,12.66,100.0,92.0,1538483238.0
1398,ribeira grande,PT,38.52,-28.7,-28.7,73.4,12.75,78.0,40.0,1538481600.0
833,attawapiskat,CA,,,,,,,,
1391,lebu,CL,-37.62,-73.65,-73.65,50.7,15.01,100.0,80.0,1538483247.0
275,port blair,IN,11.67,92.75,92.75,85.53,2.71,100.0,20.0,1538483272.0
1451,richards bay,ZA,-28.77,32.06,32.06,86.34,5.73,61.0,8.0,1538483464.0
242,alotau,PG,,,,,,,,
1457,trelew,AR,-43.25,-65.31,-65.31,47.01,18.37,40.0,24.0,1538483465.0
802,huittinen,FI,61.18,22.7,22.7,50.0,6.93,61.0,20.0,1538481000.0
1268,karauzyak,UZ,,,,,,,,
902,atuona,PF,-9.8,-139.03,-139.03,78.78,12.66,100.0,92.0,1538483238.0
513,praia da vitoria,PT,38.73,-27.07,-27.07,71.6,23.85,88.0,75.0,1538481600.0
572,nanortalik,GL,60.14,-45.24,-45.24,36.75,7.29,97.0,68.0,1538483261.0
955,rungata,KI,,,,,,,,
199,hobart,AU,-42.88,147.33,147.33,59.0,12.75,47.0,75.0,1538481600.0
576,mar del plata,AR,-46.43,-67.52,-67.52,40.44,14.34,64.0,0.0,1538483257.0
7,chunskiy,RU,56.08,99.63,99.63,54.66,4.5,60.0,48.0,1538483225.0
719,east london,ZA,-33.02,27.91,27.91,69.8,18.34,60.0,20.0,1538481600.0
544,sistranda,NO,63.73,8.83,8.83,46.4,6.93,65.0,20.0,1538481000.0
923,makakilo city,US,21.35,-158.09,-158.09,78.98,4.7,90.0,40.0,1538481420.0
968,martinsicuro,IT,42.89,13.92,13.92,69.8,10.29,64.0,20.0,1538481000.0
1213,shahreza,IR,32.01,51.87,51.87,73.02,3.71,20.0,8.0,1538483430.0
629,ushuaia,AR,-54.81,-68.31,-68.31,33.8,23.04,86.0,90.0,1538480580.0
171,rikitea,PF,-23.12,-134.97,-134.97,66.99,19.71,100.0,92.0,1538483237.0
460,barysh,RU,53.65,47.1,47.1,54.93,13.0,52.0,20.0,1538483305.0
334,bengkulu,ID,,,,,,,,
608,panvel,IN,18.99,73.11,73.11,89.6,9.17,70.0,20.0,1538481600.0
691,ushuaia,AR,-54.81,-68.31,-68.31,33.8,23.04,86.0,90.0,1538480580.0
74,atuona,PF,-9.8,-139.03,-139.03,78.78,12.66,100.0,92.0,1538483238.0
820,atuona,PF,-9.8,-139.03,-139.03,78.78,12.66,100.0,92.0,1538483238.0
246,sao filipe,CV,14.9,-24.5,-24.5,78.78,11.99,99.0,64.0,1538483267.0
77,guerrero negro,MX,27.97,-114.04,-114.04,70.5,14.67,100.0,92.0,1538483238.0
592,karakol,KG,42.49,78.39,78.39,45.93,2.59,90.0,68.0,1538483326.0
593,isangel,VU,-19.55,169.27,169.27,72.75,11.99,100.0,92.0,1538483326.0
648,provideniya,RU,64.42,-173.23,-173.23,47.46,18.7,95.0,92.0,1538483334.0
731,constitucion,MX,23.99,-104.67,-104.67,48.54,1.92,95.0,32.0,1538483347.0
1234,tura,RU,64.27,100.22,100.22,36.48,7.4,80.0,88.0,1538483318.0
324,toora-khem,RU,52.47,96.11,96.11,53.58,5.17,44.0,8.0,1538483280.0
1183,znamenskoye,RU,57.13,73.82,73.82,46.38,13.22,61.0,80.0,1538483425.0
1221,punta arenas,CL,-53.16,-70.91,-70.91,33.8,23.04,69.0,40.0,1538478000.0
510,shimoda,JP,34.7,138.93,138.93,73.2,5.61,100.0,0.0,1538483314.0
679,bengkulu,ID,,,,,,,,
1342,east london,ZA,-33.02,27.91,27.91,69.8,18.34,60.0,20.0,1538481600.0
1225,mataura,PF,,,,,,,,
1218,ushuaia,AR,-54.81,-68.31,-68.31,33.8,23.04,86.0,90.0,1538480580.0
345,nemuro,JP,43.32,145.57,145.57,56.55,6.62,100.0,8.0,1538483283.0
1203,mapiripan,CO,2.89,-72.13,-72.13,75.09,5.17,93.0,92.0,1538483428.0
84,freeport,US,42.3,-89.62,-89.62,53.96,3.36,100.0,90.0,1538482560.0
168,soweto,ZA,-26.22,27.89,27.89,84.2,13.87,10.0,0.0,1538481600.0
714,provideniya,RU,64.42,-173.23,-173.23,47.46,18.7,95.0,92.0,1538483334.0
286,albany,AU,-35.02,117.88,117.88,53.4,11.65,73.0,36.0,1538483253.0
1414,airai,PW,,,,,,,,
1147,hambantota,LK,6.12,81.12,81.12,82.83,6.96,97.0,76.0,1538483395.0
147,puerto ayora,EC,-0.74,-90.35,-90.35,70.77,10.54,100.0,80.0,1538483226.0
918,umm kaddadah,SD,13.6,26.69,26.69,97.59,5.17,26.0,12.0,1538483377.0
787,cayenne,GF,4.94,-52.33,-52.33,84.2,5.82,79.0,75.0,1538481600.0
60,rio grande,BR,-32.03,-52.1,-52.1,57.2,9.17,76.0,0.0,1538478000.0
1058,east london,ZA,-33.02,27.91,27.91,69.8,18.34,60.0,20.0,1538481600.0
364,chokurdakh,RU,70.62,147.9,147.9,31.8,3.38,90.0,88.0,1538483286.0
1272,atuona,PF,-9.8,-139.03,-139.03,78.78,12.66,100.0,92.0,1538483238.0
685,albany,AU,-35.02,117.88,117.88,53.4,11.65,73.0,36.0,1538483253.0
1045,los llanos de aridane,ES,28.66,-17.92,-17.92,77.0,4.7,73.0,40.0,1538481600.0
373,qaqortoq,GL,60.72,-46.03,-46.03,33.8,2.24,55.0,75.0,1538481000.0
737,klyuchi,RU,52.25,79.17,79.17,50.43,12.44,52.0,80.0,1538483348.0
696,naze,JP,28.37,129.48,129.48,77.34,15.79,100.0,8.0,1538483342.0
1062,jamestown,SH,-15.94,-5.72,-5.72,67.8,16.69,100.0,68.0,1538483251.0
893,svay rieng,KH,11.08,105.8,105.8,73.38,5.95,100.0,92.0,1538483371.0
952,jamestown,SH,-15.94,-5.72,-5.72,67.8,16.69,100.0,68.0,1538483251.0
605,skibbereen,IE,51.55,-9.27,-9.27,60.8,21.92,77.0,40.0,1538481600.0
519,barrow,US,39.51,-90.4,-90.4,69.8,5.82,91.0,75.0,1538481300.0
94,port elizabeth,ZA,-33.92,25.57,25.57,66.2,40.26,59.0,75.0,1538481600.0
378,tasiilaq,GL,65.61,-37.64,-37.64,35.6,6.93,64.0,75.0,1538481000.0
644,sisimiut,GL,66.94,-53.67,-53.67,30.9,2.59,100.0,80.0,1538483333.0
1321,chicama,PE,-7.84,-79.15,-79.15,60.8,4.7,93.0,90.0,1538481600.0
353,rikitea,PF,-23.12,-134.97,-134.97,66.99,19.71,100.0,92.0,1538483237.0
825,arraial do cabo,BR,-22.97,-42.02,-42.02,86.0,4.7,66.0,0.0,1538481600.0
61,butaritari,KI,3.07,172.79,172.79,84.81,3.94,100.0,20.0,1538483235.0
1331,atuona,PF,-9.8,-139.03,-139.03,78.78,12.66,100.0,92.0,1538483238.0
49,nerchinskiy zavod,RU,51.31,119.61,119.61,42.51,3.04,50.0,0.0,1538483233.0
1123,hithadhoo,MV,-0.6,73.08,73.08,82.74,19.82,100.0,92.0,1538483264.0
1128,ouango,CF,,,,,,,,
134,amderma,RU,,,,,,,,
11,bedele,ET,8.46,36.35,36.35,75.72,3.38,63.0,12.0,1538483226.0
930,saint-philippe,RE,-21.36,55.77,55.77,75.2,13.87,50.0,75.0,1538481600.0
104,mehamn,NO,71.03,27.85,27.85,39.2,13.87,69.0,75.0,1538481000.0
309,yellowknife,CA,62.45,-114.38,-114.38,32.0,18.34,100.0,90.0,1538481600.0
552,ilulissat,GL,69.22,-51.1,-51.1,30.2,17.22,54.0,75.0,1538481000.0
1496,rikitea,PF,-23.12,-134.97,-134.97,66.99,19.71,100.0,92.0,1538483237.0
758,bathsheba,BB,13.22,-59.52,-59.52,84.2,9.17,79.0,20.0,1538481600.0
1243,rosarito,MX,27.04,-109.91,-109.91,77.88,2.82,92.0,0.0,1538483434.0
197,albany,AU,-35.02,117.88,117.88,53.4,11.65,73.0,36.0,1538483253.0
581,mataura,PF,,,,,,,,
1491,grindavik,IS,63.84,-22.43,-22.43,42.8,18.34,100.0,75.0,1538479800.0
649,faanui,PF,-16.48,-151.75,-151.75,76.71,21.5,100.0,56.0,1538483335.0
1102,coquimbo,CL,-29.95,-71.34,-71.34,48.2,6.93,87.0,0.0,1538478000.0
395,vaini,TO,-21.2,-175.2,-175.2,69.8,10.29,83.0,20.0,1538481600.0
161,butaritari,KI,3.07,172.79,172.79,84.81,3.94,100.0,20.0,1538483235.0
231,bluff,NZ,-46.6,168.33,168.33,48.18,12.77,100.0,0.0,1538483250.0
1204,thompson,CA,55.74,-97.86,-97.86,24.8,5.82,92.0,20.0,1538481600.0
484,east london,ZA,-33.02,27.91,27.91,69.8,18.34,60.0,20.0,1538481600.0
467,hermanus,ZA,-34.42,19.24,19.24,54.84,7.74,88.0,92.0,1538483262.0
808,amderma,RU,,,,,,,,
425,saint george,BM,32.38,-64.68,-64.68,75.2,21.92,88.0,75.0,1538482080.0
994,marcona,PE,,,,,,,,
829,mataura,PF,,,,,,,,
148,tasiilaq,GL,65.61,-37.64,-37.64,35.6,6.93,64.0,75.0,1538481000.0
898,tiksi,RU,71.64,128.87,128.87,26.85,8.63,100.0,76.0,1538483332.0
56,mabaruma,GY,8.2,-59.78,-59.78,82.83,5.28,87.0,0.0,1538483234.0
578,rikitea,PF,-23.12,-134.97,-134.97,66.99,19.71,100.0,92.0,1538483237.0
792,punta arenas,CL,-53.16,-70.91,-70.91,33.8,23.04,69.0,40.0,1538478000.0
742,hilo,US,19.71,-155.08,-155.08,71.96,6.93,73.0,1.0,1538481360.0
687,grindavik,IS,63.84,-22.43,-22.43,42.8,18.34,100.0,75.0,1538479800.0
670,dikson,RU,73.51,80.55,80.55,38.55,15.57,100.0,80.0,1538483230.0
256,punta arenas,CL,-53.16,-70.91,-70.91,33.8,23.04,69.0,40.0,1538478000.0
316,bad windsheim,DE,49.5,10.42,10.42,49.82,14.99,60.0,90.0,1538481360.0
1466,carnarvon,AU,-24.87,113.63,113.63,68.52,12.21,93.0,0.0,1538483242.0
1266,sterling,US,39.0,-77.4,-77.4,68.0,5.82,96.0,40.0,1538481600.0
463,berlevag,NO,70.86,29.09,29.09,39.2,23.04,69.0,75.0,1538481000.0
580,hermanus,ZA,-34.42,19.24,19.24,54.84,7.74,88.0,92.0,1538483262.0
798,erzurum,TR,39.91,41.27,41.27,73.4,12.75,25.0,75.0,1538481000.0
357,rikitea,PF,-23.12,-134.97,-134.97,66.99,19.71,100.0,92.0,1538483237.0
435,kahului,US,20.89,-156.47,-156.47,69.08,4.7,92.0,1.0,1538481360.0
876,rikitea,PF,-23.12,-134.97,-134.97,66.99,19.71,100.0,92.0,1538483237.0
1051,bambous virieux,MU,-20.34,57.76,57.76,75.2,11.41,64.0,75.0,1538481600.0
932,albany,AU,-35.02,117.88,117.88,53.4,11.65,73.0,36.0,1538483253.0
356,mar del plata,AR,-46.43,-67.52,-67.52,40.44,14.34,64.0,0.0,1538483257.0
1251,severo-kurilsk,RU,50.68,156.12,156.12,46.56,21.05,94.0,48.0,1538483269.0
297,arraial do cabo,BR,-22.97,-42.02,-42.02,86.0,4.7,66.0,0.0,1538481600.0
779,punta arenas,CL,-53.16,-70.91,-70.91,33.8,23.04,69.0,40.0,1538478000.0
1273,hobart,AU,-42.88,147.33,147.33,59.0,12.75,47.0,75.0,1538481600.0
1445,kahului,US,20.89,-156.47,-156.47,69.08,4.7,92.0,1.0,1538481360.0
1460,illoqqortoormiut,GL,,,,,,,,
41,luderitz,NA,-26.65,15.16,15.16,65.37,25.3,79.0,0.0,1538483232.0
1318,punta arenas,CL,-53.16,-70.91,-70.91,33.8,23.04,69.0,40.0,1538478000.0
449,lata,SB,,,,,,,,
611,mattru,SL,7.62,-11.83,-11.83,76.26,8.19,100.0,92.0,1538483329.0
1425,biak,ID,-0.91,122.88,122.88,77.88,5.39,90.0,56.0,1538483231.0
374,terra santa,BR,-2.1,-56.49,-56.49,86.61,5.95,61.0,0.0,1538483288.0
744,sao jose da coroa grande,BR,-8.9,-35.15,-35.15,79.68,9.64,82.0,12.0,1538483349.0
427,castro,CL,-42.48,-73.76,-73.76,42.87,5.73,97.0,68.0,1538483268.0
409,cape town,ZA,-33.93,18.42,18.42,62.6,26.4,55.0,40.0,1538481600.0
1189,bredasdorp,ZA,-34.53,20.04,20.04,60.8,11.41,51.0,75.0,1538481600.0
1379,kapaa,US,22.08,-159.32,-159.32,75.92,4.7,90.0,75.0,1538481360.0
653,upernavik,GL,72.79,-56.15,-56.15,35.94,17.47,99.0,24.0,1538483266.0
14,arraial do cabo,BR,-22.97,-42.02,-42.02,86.0,4.7,66.0,0.0,1538481600.0
763,ushuaia,AR,-54.81,-68.31,-68.31,33.8,23.04,86.0,90.0,1538480580.0
322,tabukiniberu,KI,,,,,,,,
818,alikalia,SL,9.15,-11.39,-11.39,76.71,6.62,96.0,88.0,1538483360.0
832,rikitea,PF,-23.12,-134.97,-134.97,66.99,19.71,100.0,92.0,1538483237.0
1216,vaini,TO,-21.2,-175.2,-175.2,69.8,10.29,83.0,20.0,1538481600.0
1015,nhulunbuy,AU,-12.18,136.78,136.78,73.4,3.36,83.0,0.0,1538481600.0
912,mar del plata,AR,-46.43,-67.52,-67.52,40.44,14.34,64.0,0.0,1538483257.0
413,san jose,GT,16.98,-89.9,-89.9,70.23,3.6,100.0,88.0,1538483297.0
1309,yellowknife,CA,62.45,-114.38,-114.38,32.0,18.34,100.0,90.0,1538481600.0
1484,khonuu,RU,,,,,,,,
72,nishihara,JP,35.74,139.53,139.53,71.6,3.36,64.0,90.0,1538481360.0
878,hilo,US,19.71,-155.08,-155.08,71.96,6.93,73.0,1.0,1538481360.0
511,chuy,UY,-33.69,-53.46,-53.46,54.93,9.19,94.0,12.0,1538483286.0
250,amderma,RU,,,,,,,,
700,ponta do sol,CV,17.2,-25.09,-25.09,78.06,13.0,100.0,64.0,1538483272.0
44,bluff,NZ,-46.6,168.33,168.33,48.18,12.77,100.0,0.0,1538483231.0
1384,port lincoln,AU,-34.72,135.86,135.86,58.8,10.65,97.0,56.0,1538483431.0
824,hobart,AU,-42.88,147.33,147.33,59.0,12.75,47.0,75.0,1538481600.0
1263,hilo,US,19.71,-155.08,-155.08,71.96,6.93,73.0,1.0,1538481360.0
793,georgetown,SH,-7.93,-14.42,-14.42,75.27,14.67,100.0,80.0,1538483245.0
810,carnarvon,AU,-24.87,113.63,113.63,68.52,12.21,93.0,0.0,1538483242.0
259,port macquarie,AU,-31.43,152.91,152.91,57.2,3.36,76.0,0.0,1538481600.0
496,cururupu,BR,-1.82,-44.87,-44.87,87.33,12.44,62.0,44.0,1538483284.0
1276,sao miguel do araguaia,BR,-13.28,-50.16,-50.16,76.17,8.19,98.0,12.0,1538483439.0
716,narsaq,GL,60.91,-46.05,-46.05,33.8,2.24,55.0,75.0,1538481000.0
750,la ronge,CA,55.1,-105.3,-105.3,26.6,4.7,86.0,40.0,1538481600.0
1012,barcelos,BR,-0.97,-62.93,-62.93,74.01,7.4,99.0,80.0,1538483391.0
1279,sorland,NO,67.67,12.69,12.69,46.4,11.41,65.0,20.0,1538481000.0
1413,albany,AU,-35.02,117.88,117.88,53.4,11.65,73.0,36.0,1538483253.0
1434,busselton,AU,-33.64,115.35,115.35,62.04,22.39,99.0,80.0,1538483239.0
384,vaitupu,WF,,,,,,,,
577,brooks,CA,50.57,-111.89,-111.89,32.16,7.52,95.0,100.0,1538483324.0
342,port alfred,ZA,-33.59,26.89,26.89,70.32,25.52,71.0,48.0,1538483229.0
381,jega,NG,12.22,4.38,4.38,88.41,6.62,92.0,0.0,1538483289.0
618,saint-philippe,RE,-21.36,55.77,55.77,75.2,13.87,50.0,75.0,1538481600.0
285,norman wells,CA,65.28,-126.83,-126.83,30.2,5.82,80.0,75.0,1538481600.0
991,kapaa,US,22.08,-159.32,-159.32,75.92,4.7,90.0,75.0,1538481360.0
573,port alfred,ZA,-33.59,26.89,26.89,70.32,25.52,71.0,48.0,1538483229.0
1465,da lat,VN,11.95,108.44,108.44,65.91,2.37,98.0,92.0,1538483470.0
46,mujiayingzi,CN,42.12,118.78,118.78,44.58,2.59,67.0,0.0,1538483232.0
253,port alfred,ZA,-33.59,26.89,26.89,70.32,25.52,71.0,48.0,1538483229.0
243,todos santos,MX,23.45,-110.23,-110.23,77.0,4.7,94.0,5.0,1538482080.0
93,kapaa,US,22.08,-159.32,-159.32,75.92,4.7,90.0,75.0,1538481360.0
516,walvis bay,NA,-22.95,14.51,14.51,86.0,9.17,28.0,24.0,1538481600.0
549,cidreira,BR,-30.17,-50.22,-50.22,63.21,9.64,100.0,100.0,1538483320.0
1362,hithadhoo,MV,-0.6,73.08,73.08,82.74,19.82,100.0,92.0,1538483264.0
1405,balabac,PH,7.99,117.06,117.06,83.91,5.73,100.0,12.0,1538483259.0
625,cape town,ZA,-33.93,18.42,18.42,62.6,26.4,55.0,40.0,1538481600.0
90,burica,PA,,,,,,,,
1000,upernavik,GL,72.79,-56.15,-56.15,35.94,17.47,99.0,24.0,1538483266.0
360,east london,ZA,-33.02,27.91,27.91,69.8,18.34,60.0,20.0,1538481600.0
931,sheridan,US,39.65,-105.03,-105.03,62.06,10.29,63.0,40.0,1538481480.0
906,magole,TZ,-6.37,37.37,37.37,102.2,3.49,57.0,40.0,1538478000.0
554,tumannyy,RU,,,,,,,,
883,avarua,CK,-21.21,-159.78,-159.78,68.0,6.93,49.0,20.0,1538481600.0
21,whakatane,NZ,-37.96,176.99,176.99,55.65,12.66,100.0,0.0,1538483228.0
950,saint-philippe,RE,-21.36,55.77,55.77,75.2,13.87,50.0,75.0,1538481600.0
1074,stoyba,RU,,,,,,,,
204,vaini,TO,-21.2,-175.2,-175.2,69.8,10.29,83.0,20.0,1538481600.0
1485,san cristobal,EC,-1.02,-79.44,-79.44,55.83,1.59,92.0,0.0,1538483299.0
1155,ushuaia,AR,-54.81,-68.31,-68.31,33.8,23.04,86.0,90.0,1538480580.0
1052,tasiilaq,GL,65.61,-37.64,-37.64,35.6,6.93,64.0,75.0,1538481000.0
416,tongren,CN,27.72,109.18,109.18,65.1,4.05,57.0,64.0,1538483297.0
1188,laguna,BR,,,,,,,,
1220,port lincoln,AU,-34.72,135.86,135.86,58.8,10.65,97.0,56.0,1538483431.0
121,tsihombe,MG,,,,,,,,
300,punta arenas,CL,-53.16,-70.91,-70.91,33.8,23.04,69.0,40.0,1538478000.0
1005,kirakira,SB,-10.46,161.92,161.92,81.75,12.44,100.0,32.0,1538483317.0
1301,wanlaweyn,SO,2.62,44.89,44.89,83.46,12.77,65.0,88.0,1538483443.0
995,chokurdakh,RU,70.62,147.9,147.9,31.8,3.38,90.0,88.0,1538483286.0
983,saint-philippe,RE,-21.36,55.77,55.77,75.2,13.87,50.0,75.0,1538481600.0
690,belorechensk,RU,44.77,39.87,39.87,68.0,11.18,82.0,75.0,1538479800.0
92,veraval,IN,20.9,70.37,70.37,89.13,9.86,59.0,0.0,1538483241.0
1073,bonavista,CA,48.65,-53.11,-53.11,47.01,16.69,100.0,0.0,1538483399.0
1003,talnakh,RU,69.49,88.39,88.39,35.58,16.02,96.0,48.0,1538483390.0
289,bambous virieux,MU,-20.34,57.76,57.76,75.2,11.41,64.0,75.0,1538481600.0
1162,punta arenas,CL,-53.16,-70.91,-70.91,33.8,23.04,69.0,40.0,1538478000.0
823,nhulunbuy,AU,-12.18,136.78,136.78,73.4,3.36,83.0,0.0,1538481600.0
537,lavrentiya,RU,65.58,-170.99,-170.99,45.84,17.25,92.0,92.0,1538483302.0
1340,esperance,AU,-33.86,121.89,121.89,56.1,11.1,78.0,92.0,1538483334.0
201,marsabit,KE,2.34,37.99,37.99,83.73,13.56,48.0,0.0,1538483260.0
899,new norfolk,AU,-42.78,147.06,147.06,59.0,12.75,47.0,75.0,1538481600.0
860,puerto ayora,EC,-0.74,-90.35,-90.35,70.77,10.54,100.0,80.0,1538483226.0
844,nikolskoye,RU,59.7,30.79,30.79,50.0,11.18,76.0,75.0,1538479800.0
504,kharagauli,GE,42.01,43.2,43.2,82.4,17.22,51.0,40.0,1538478000.0
203,tucumcari,US,35.17,-103.73,-103.73,57.81,6.29,71.0,0.0,1538483118.0
715,caravelas,BR,-17.73,-39.27,-39.27,77.79,16.46,99.0,92.0,1538483279.0
1313,sistranda,NO,63.73,8.83,8.83,46.4,6.93,65.0,20.0,1538481000.0
1068,ponta do sol,CV,17.2,-25.09,-25.09,78.06,13.0,100.0,64.0,1538483272.0
1154,diapaga,BF,12.07,1.79,1.79,94.08,4.83,61.0,0.0,1538483420.0
1296,jamestown,SH,-15.94,-5.72,-5.72,67.8,16.69,100.0,68.0,1538483251.0
397,saint-philippe,RE,-21.36,55.77,55.77,75.2,13.87,50.0,75.0,1538481600.0
135,carnarvon,AU,-24.87,113.63,113.63,68.52,12.21,93.0,0.0,1538483242.0
186,codrington,AG,,,,,,,,
901,ushuaia,AR,-54.81,-68.31,-68.31,33.8,23.04,86.0,90.0,1538480580.0
1436,rikitea,PF,-23.12,-134.97,-134.97,66.99,19.71,100.0,92.0,1538483237.0
855,hermanus,ZA,-34.42,19.24,19.24,54.84,7.74,88.0,92.0,1538483262.0
1355,kwinana,AU,-32.25,115.77,115.77,62.6,16.11,67.0,0.0,1538481600.0
402,harlingen,NL,53.18,5.41,5.41,60.8,17.22,87.0,75.0,1538481300.0
106,arraial do cabo,BR,-22.97,-42.02,-42.02,86.0,4.7,66.0,0.0,1538481600.0
1370,busselton,AU,-33.64,115.35,115.35,62.04,22.39,99.0,80.0,1538483239.0
282,hilo,US,19.71,-155.08,-155.08,71.96,6.93,73.0,1.0,1538481360.0
456,avera,PF,,,,,,,,
1158,high rock,BS,26.63,-78.28,-78.28,77.0,3.36,88.0,20.0,1538481600.0
897,tuktoyaktuk,CA,69.44,-133.03,-133.03,24.6,11.43,100.0,24.0,1538483299.0
223,hithadhoo,MV,-0.6,73.08,73.08,82.74,19.82,100.0,92.0,1538483264.0
224,hithadhoo,MV,-0.6,73.08,73.08,82.74,19.82,100.0,92.0,1538483264.0
1195,punta arenas,CL,-53.16,-70.91,-70.91,33.8,23.04,69.0,40.0,1538478000.0
457,mataura,PF,,,,,,,,
220,souillac,MU,-20.52,57.52,57.52,75.2,11.41,64.0,75.0,1538481600.0
1239,ugoofaaru,MV,5.67,73.0,73.0,77.88,15.79,100.0,100.0,1538483434.0
383,kahului,US,20.89,-156.47,-156.47,69.08,4.7,92.0,1.0,1538481360.0
541,tura,RU,64.27,100.22,100.22,36.48,7.4,80.0,88.0,1538483318.0
997,puerto ayora,EC,-0.74,-90.35,-90.35,70.77,10.54,100.0,80.0,1538483226.0
1145,port elizabeth,ZA,-33.92,25.57,25.57,66.2,40.26,59.0,75.0,1538481600.0
697,paamiut,GL,61.99,-49.67,-49.67,37.74,15.12,100.0,88.0,1538483342.0
1446,port hardy,CA,50.7,-127.42,-127.42,44.6,5.82,87.0,20.0,1538481600.0
418,svetlaya,RU,46.54,138.33,138.33,57.9,13.89,94.0,32.0,1538483298.0
693,tabiauea,KI,,,,,,,,
1495,ushuaia,AR,-54.81,-68.31,-68.31,33.8,23.04,86.0,90.0,1538480580.0
759,placido de castro,BR,-10.34,-67.19,-67.19,78.51,2.93,88.0,44.0,1538483351.0
313,clyde river,CA,70.47,-68.59,-68.59,15.8,4.7,78.0,1.0,1538481600.0
100,mahebourg,MU,-20.41,57.7,57.7,75.2,11.41,64.0,75.0,1538481600.0
1246,vaini,TO,-21.2,-175.2,-175.2,69.8,10.29,83.0,20.0,1538481600.0
473,dikson,RU,73.51,80.55,80.55,38.55,15.57,100.0,80.0,1538483230.0
807,shunyi,CN,40.13,116.65,116.65,73.4,11.18,23.0,0.0,1538479800.0
492,hobart,AU,-42.88,147.33,147.33,59.0,12.75,47.0,75.0,1538481600.0
260,busselton,AU,-33.64,115.35,115.35,62.04,22.39,99.0,80.0,1538483239.0
981,ilulissat,GL,69.22,-51.1,-51.1,30.2,17.22,54.0,75.0,1538481000.0
733,yellowknife,CA,62.45,-114.38,-114.38,32.0,18.34,100.0,90.0,1538481600.0
598,hay river,CA,60.82,-115.79,-115.79,32.0,21.92,63.0,75.0,1538481600.0
672,kapaa,US,22.08,-159.32,-159.32,75.92,4.7,90.0,75.0,1538481360.0
236,kapaa,US,22.08,-159.32,-159.32,75.92,4.7,90.0,75.0,1538481360.0
1097,xichang,CN,27.88,102.25,102.25,48.9,1.36,98.0,92.0,1538483405.0
47,utiroa,KI,,,,,,,,
1237,grand river south east,MU,,,,,,,,
641,ushuaia,AR,-54.81,-68.31,-68.31,33.8,23.04,86.0,90.0,1538480580.0
951,severomuysk,RU,56.17,113.57,113.57,30.36,2.37,79.0,0.0,1538483383.0
468,trairi,BR,-3.28,-39.27,-39.27,79.23,24.52,100.0,0.0,1538483307.0
139,bambous virieux,MU,-20.34,57.76,57.76,75.2,11.41,64.0,75.0,1538481600.0
539,hobart,AU,-42.88,147.33,147.33,59.0,12.75,47.0,75.0,1538481600.0
459,nouadhibou,MR,20.93,-17.03,-17.03,80.6,11.41,61.0,20.0,1538481600.0
909,saskylakh,RU,71.97,114.09,114.09,27.12,4.83,90.0,92.0,1538483244.0
62,santa fe,CU,23.13,-82.26,-82.26,73.4,3.36,100.0,20.0,1538481300.0
349,taolanaro,MG,,,,,,,,
562,kavieng,PG,-2.57,150.8,150.8,84.63,6.06,100.0,0.0,1538483258.0
1488,senador jose porfirio,BR,-2.59,-51.95,-51.95,82.74,6.4,76.0,0.0,1538483482.0
1119,rikitea,PF,-23.12,-134.97,-134.97,66.99,19.71,100.0,92.0,1538483237.0
1324,busselton,AU,-33.64,115.35,115.35,62.04,22.39,99.0,80.0,1538483239.0
699,rikitea,PF,-23.12,-134.97,-134.97,66.99,19.71,100.0,92.0,1538483237.0
1467,stornoway,GB,58.21,-6.39,-6.39,51.8,29.97,66.0,75.0,1538481000.0
101,warqla,DZ,,,,,,,,
68,ushuaia,AR,-54.81,-68.31,-68.31,33.8,23.04,86.0,90.0,1538480580.0
569,ancud,CL,-41.87,-73.83,-73.83,44.31,5.39,89.0,56.0,1538483279.0
806,rikitea,PF,-23.12,-134.97,-134.97,66.99,19.71,100.0,92.0,1538483237.0
734,halalo,WF,,,,,,,,
207,nanortalik,GL,60.14,-45.24,-45.24,36.75,7.29,97.0,68.0,1538483261.0
949,hasaki,JP,35.73,140.83,140.83,69.8,2.24,88.0,75.0,1538479800.0
1230,cherskiy,RU,68.75,161.3,161.3,32.7,2.15,84.0,0.0,1538483355.0
82,avera,PF,,,,,,,,
1021,nagato,JP,34.35,131.14,131.14,68.0,2.24,77.0,20.0,1538478000.0
254,castro,CL,-42.48,-73.76,-73.76,42.87,5.73,97.0,68.0,1538483268.0
701,upernavik,GL,72.79,-56.15,-56.15,35.94,17.47,99.0,24.0,1538483266.0
711,guerrero negro,MX,27.97,-114.04,-114.04,70.5,14.67,100.0,92.0,1538483238.0
1038,namibe,AO,-15.19,12.15,12.15,68.88,11.21,96.0,8.0,1538483281.0
280,butaritari,KI,3.07,172.79,172.79,84.81,3.94,100.0,20.0,1538483235.0
1377,payakumbuh,ID,-0.23,100.63,100.63,74.1,2.04,94.0,64.0,1538483454.0
1086,butaritari,KI,3.07,172.79,172.79,84.81,3.94,100.0,20.0,1538483235.0
1028,rikitea,PF,-23.12,-134.97,-134.97,66.99,19.71,100.0,92.0,1538483237.0
226,tel aviv-yafo,IL,32.08,34.78,34.78,87.8,17.22,66.0,0.0,1538481000.0
1067,mataura,PF,,,,,,,,
815,khatanga,RU,71.98,102.47,102.47,33.69,4.83,94.0,88.0,1538483277.0
196,balabac,PH,7.99,117.06,117.06,83.91,5.73,100.0,12.0,1538483259.0
1288,alofi,NU,-19.06,-169.92,-169.92,71.6,12.75,78.0,40.0,1538481600.0
462,half moon bay,US,37.46,-122.43,-122.43,66.02,5.73,86.0,90.0,1538481360.0
1332,luena,AO,-11.78,19.91,19.91,82.2,7.74,45.0,8.0,1538483448.0
740,butaritari,KI,3.07,172.79,172.79,84.81,3.94,100.0,20.0,1538483235.0
91,suez,EG,29.97,32.54,32.54,89.58,6.4,48.0,0.0,1538483241.0
1090,wanning,CN,18.8,110.4,110.4,81.48,21.27,99.0,88.0,1538483402.0
856,damara,CF,4.96,18.7,18.7,86.0,5.82,62.0,40.0,1538481600.0
407,saraj,MK,42.0,21.33,21.33,77.0,2.24,31.0,0.0,1538481600.0
13,rikitea,PF,-23.12,-134.97,-134.97,66.99,19.71,100.0,92.0,1538483224.0
924,nikolskoye,RU,59.7,30.79,30.79,50.0,11.18,76.0,75.0,1538479800.0
1030,sentyabrskiy,RU,,,,,,,,
1002,kirakira,SB,-10.46,161.92,161.92,81.75,12.44,100.0,32.0,1538483317.0
1198,kenai,US,60.55,-151.26,-151.26,46.04,6.93,89.0,90.0,1538481360.0
125,manicore,BR,-5.81,-61.3,-61.3,83.19,2.93,80.0,8.0,1538483219.0
1255,luang prabang,LA,19.89,102.14,102.14,80.6,1.7,74.0,75.0,1538481600.0
165,mount isa,AU,-20.73,139.49,139.49,73.4,11.21,33.0,0.0,1538481600.0
159,kaitangata,NZ,-46.28,169.85,169.85,37.47,5.06,90.0,0.0,1538483253.0
830,faanui,PF,-16.48,-151.75,-151.75,76.71,21.5,100.0,56.0,1538483335.0
861,hobart,AU,-42.88,147.33,147.33,59.0,12.75,47.0,75.0,1538481600.0
144,jamestown,SH,-15.94,-5.72,-5.72,67.8,16.69,100.0,68.0,1538483251.0
376,hithadhoo,MV,-0.6,73.08,73.08,82.74,19.82,100.0,92.0,1538483264.0
1369,labuhan,ID,-2.54,115.51,115.51,76.17,2.59,89.0,24.0,1538483436.0
500,pishin,PK,30.58,67.0,67.0,70.41,7.18,15.0,0.0,1538483312.0
1063,olafsvik,IS,,,,,,,,
637,los llanos de aridane,ES,28.66,-17.92,-17.92,77.0,4.7,73.0,40.0,1538481600.0
1202,touros,BR,-5.2,-35.46,-35.46,83.28,15.68,66.0,0.0,1538483345.0
992,mount isa,AU,-20.73,139.49,139.49,73.4,11.21,33.0,0.0,1538481600.0
993,yellowknife,CA,62.45,-114.38,-114.38,32.0,18.34,100.0,90.0,1538481600.0
732,hobart,AU,-42.88,147.33,147.33,59.0,12.75,47.0,75.0,1538481600.0
514,lebu,CL,-37.62,-73.65,-73.65,50.7,15.01,100.0,80.0,1538483247.0
1303,avarua,CK,-21.21,-159.78,-159.78,68.0,6.93,49.0,20.0,1538481600.0
315,ancud,CL,-41.87,-73.83,-73.83,44.31,5.39,89.0,56.0,1538483279.0
574,masterton,NZ,-40.95,175.66,175.66,44.04,5.17,96.0,48.0,1538483323.0
24,port alfred,ZA,-33.59,26.89,26.89,70.32,25.52,71.0,48.0,1538483229.0
1009,kenda,IN,23.2,86.51,86.51,93.2,4.7,46.0,8.0,1538478000.0
414,mataura,PF,,,,,,,,
64,aklavik,CA,68.22,-135.01,-135.01,30.2,9.17,74.0,75.0,1538481600.0
852,derbent,RU,42.06,48.29,48.29,70.5,3.71,61.0,0.0,1538483365.0
914,indramayu,ID,-4.05,103.78,103.78,82.56,3.49,50.0,88.0,1538483374.0
301,hilo,US,19.71,-155.08,-155.08,71.96,6.93,73.0,1.0,1538481360.0
1346,taolanaro,MG,,,,,,,,
1275,inuvik,CA,68.36,-133.71,-133.71,30.2,9.17,74.0,75.0,1538481600.0
296,port alfred,ZA,-33.59,26.89,26.89,70.32,25.52,71.0,48.0,1538483229.0
1142,saint-philippe,RE,-21.36,55.77,55.77,75.2,13.87,50.0,75.0,1538481600.0
703,chambas,CU,22.19,-78.91,-78.91,80.6,9.17,83.0,40.0,1538481060.0
323,vardo,NO,70.37,31.11,31.11,39.2,12.75,60.0,75.0,1538481000.0
447,aitape,PG,-3.15,142.36,142.36,83.28,9.53,90.0,0.0,1538483303.0
1104,mataura,PF,,,,,,,,
1047,sao filipe,CV,14.9,-24.5,-24.5,78.78,11.99,99.0,64.0,1538483267.0
451,hobart,AU,-42.88,147.33,147.33,59.0,12.75,47.0,75.0,1538481600.0
1124,east london,ZA,-33.02,27.91,27.91,69.8,18.34,60.0,20.0,1538481600.0
40,amderma,RU,,,,,,,,
319,busselton,AU,-33.64,115.35,115.35,62.04,22.39,99.0,80.0,1538483239.0
1433,ribeira grande,PT,38.52,-28.7,-28.7,73.4,12.75,78.0,40.0,1538481600.0
477,busselton,AU,-33.64,115.35,115.35,62.04,22.39,99.0,80.0,1538483239.0
1046,longyearbyen,SJ,78.22,15.64,15.64,32.0,8.05,100.0,75.0,1538481000.0
515,kaeo,NZ,-35.1,173.78,173.78,45.48,2.93,88.0,8.0,1538483315.0
1390,tasiilaq,GL,65.61,-37.64,-37.64,35.6,6.93,64.0,75.0,1538481000.0
542,saint george,BM,32.38,-64.68,-64.68,75.2,21.92,88.0,75.0,1538482080.0
1057,gilbues,BR,-9.83,-45.34,-45.34,88.77,12.55,32.0,0.0,1538483397.0
881,laguna,BR,,,,,,,,
1339,tumannyy,RU,,,,,,,,
1163,fortuna,US,40.6,-124.16,-124.16,57.2,2.15,100.0,1.0,1538481300.0
1131,gravdal,NO,59.79,5.78,5.78,50.0,17.22,87.0,75.0,1538481000.0
1442,praia da vitoria,PT,38.73,-27.07,-27.07,71.6,23.85,88.0,75.0,1538481600.0
192,mahebourg,MU,-20.41,57.7,57.7,75.2,11.41,64.0,75.0,1538481600.0
97,kapaa,US,22.08,-159.32,-159.32,75.92,4.7,90.0,75.0,1538481360.0
308,bondoukou,CI,8.04,-2.8,-2.8,82.47,8.19,89.0,56.0,1538483277.0
394,muros,ES,42.77,-9.06,-9.06,68.0,6.93,42.0,0.0,1538481600.0
571,dezful,IR,32.38,48.4,48.4,101.46,7.96,20.0,0.0,1538483323.0
849,lavrentiya,RU,65.58,-170.99,-170.99,45.84,17.25,92.0,92.0,1538483302.0
853,ozinki,RU,51.2,49.73,49.73,59.79,9.98,35.0,44.0,1538483366.0
331,porto torres,IT,40.84,8.4,8.4,71.6,8.05,46.0,20.0,1538481000.0
941,tarabha,IN,20.73,83.65,83.65,89.4,3.94,58.0,32.0,1538483236.0
110,georgetown,SH,-7.93,-14.42,-14.42,75.27,14.67,100.0,80.0,1538483245.0
279,butaritari,KI,3.07,172.79,172.79,84.81,3.94,100.0,20.0,1538483235.0
1144,punta arenas,CL,-53.16,-70.91,-70.91,33.8,23.04,69.0,40.0,1538478000.0
1093,cherskiy,RU,68.75,161.3,161.3,32.7,2.15,84.0,0.0,1538483355.0
1249,kargasok,RU,59.06,80.87,80.87,45.3,5.17,54.0,56.0,1538483435.0
211,tuatapere,NZ,-46.13,167.69,167.69,40.71,5.5,100.0,0.0,1538483262.0
660,mataura,PF,,,,,,,,
1250,tongren,CN,27.72,109.18,109.18,65.1,4.05,57.0,64.0,1538483297.0
805,illoqqortoormiut,GL,,,,,,,,
80,huilong,CN,31.15,106.5,106.5,63.66,3.38,77.0,92.0,1538483239.0
1280,albany,AU,-35.02,117.88,117.88,53.4,11.65,73.0,36.0,1538483253.0
485,mataura,PF,,,,,,,,
499,palu,ID,-0.9,119.87,119.87,67.26,1.36,94.0,48.0,1538483312.0
26,port blair,IN,11.67,92.75,92.75,85.53,2.71,100.0,20.0,1538483229.0
1137,fortuna,US,40.6,-124.16,-124.16,57.2,2.15,100.0,1.0,1538481300.0
1357,new norfolk,AU,-42.78,147.06,147.06,59.0,12.75,47.0,75.0,1538481600.0
1401,saint anthony,CA,,,,,,,,
1455,arinos,BR,-15.92,-46.11,-46.11,87.24,13.0,34.0,44.0,1538483465.0
328,ustye,RU,58.76,27.79,27.79,50.25,10.2,100.0,80.0,1538483281.0
977,taolanaro,MG,,,,,,,,
507,yellowknife,CA,62.45,-114.38,-114.38,32.0,18.34,100.0,90.0,1538481600.0
464,fuerte,PH,17.54,120.36,120.36,73.38,3.15,76.0,8.0,1538483305.0
454,fortuna,US,40.6,-124.16,-124.16,57.2,2.15,100.0,1.0,1538481300.0
238,busselton,AU,-33.64,115.35,115.35,62.04,22.39,99.0,80.0,1538483239.0
532,diosti,RO,44.12,24.18,24.18,66.2,5.82,59.0,40.0,1538481600.0
1125,yellowknife,CA,62.45,-114.38,-114.38,32.0,18.34,100.0,90.0,1538481600.0
184,coihaique,CL,-45.58,-72.07,-72.07,39.2,4.7,60.0,20.0,1538478000.0
812,busselton,AU,-33.64,115.35,115.35,62.04,22.39,99.0,80.0,1538483239.0
1431,tsihombe,MG,,,,,,,,
1252,ushuaia,AR,-54.81,-68.31,-68.31,33.8,23.04,86.0,90.0,1538480580.0
584,lolua,TV,,,,,,,,
620,rawson,AR,-43.3,-65.11,-65.11,47.01,18.37,40.0,24.0,1538483330.0
264,hermanus,ZA,-34.42,19.24,19.24,54.84,7.74,88.0,92.0,1538483262.0
1450,nikolskoye,RU,59.7,30.79,30.79,50.0,11.18,76.0,75.0,1538479800.0
1299,rikitea,PF,-23.12,-134.97,-134.97,66.99,19.71,100.0,92.0,1538483237.0
1449,patti,IT,38.14,14.96,14.96,78.8,10.29,54.0,40.0,1538481000.0
959,constitucion,MX,23.99,-104.67,-104.67,48.54,1.92,95.0,32.0,1538483347.0
610,lakatoro,VU,-16.11,167.42,167.42,75.63,7.74,100.0,48.0,1538483329.0
1490,cockburn town,TC,21.46,-71.14,-71.14,82.74,7.07,99.0,80.0,1538483423.0
1085,klaksvik,FO,62.23,-6.59,-6.59,44.6,18.34,81.0,75.0,1538481000.0
1316,gidam,IN,18.98,81.4,81.4,80.04,2.93,78.0,36.0,1538483446.0
312,vaini,TO,-21.2,-175.2,-175.2,69.8,10.29,83.0,20.0,1538481600.0
1358,samusu,WS,,,,,,,,
831,nuuk,GL,64.17,-51.74,-51.74,35.6,8.05,47.0,75.0,1538481000.0
362,port alfred,ZA,-33.59,26.89,26.89,70.32,25.52,71.0,48.0,1538483229.0
10,vaini,TO,-21.2,-175.2,-175.2,69.8,10.29,83.0,20.0,1538481600.0
757,new norfolk,AU,-42.78,147.06,147.06,59.0,12.75,47.0,75.0,1538481600.0
533,punta arenas,CL,-53.16,-70.91,-70.91,33.8,23.04,69.0,40.0,1538478000.0
213,mana,GF,5.67,-53.78,-53.78,82.47,2.82,77.0,0.0,1538483262.0
895,busselton,AU,-33.64,115.35,115.35,62.04,22.39,99.0,80.0,1538483239.0
707,punta arenas,CL,-53.16,-70.91,-70.91,33.8,23.04,69.0,40.0,1538478000.0
1422,kapaa,US,22.08,-159.32,-159.32,75.92,4.7,90.0,75.0,1538481360.0
1222,jamestown,SH,-15.94,-5.72,-5.72,67.8,16.69,100.0,68.0,1538483251.0
668,gambela,ET,8.25,34.59,34.59,74.37,3.71,77.0,32.0,1538483338.0
1482,vaini,TO,-21.2,-175.2,-175.2,69.8,10.29,83.0,20.0,1538481600.0
760,de-kastri,RU,51.48,140.77,140.77,46.83,6.96,100.0,12.0,1538483351.0
873,ushuaia,AR,-54.81,-68.31,-68.31,33.8,23.04,86.0,90.0,1538480580.0
419,bambous virieux,MU,-20.34,57.76,57.76,75.2,11.41,64.0,75.0,1538481600.0
1432,sibu,MY,2.29,111.83,111.83,78.8,2.24,88.0,75.0,1538481600.0
1253,riachao das neves,BR,-11.75,-44.91,-44.91,84.54,11.77,39.0,12.0,1538483436.0
1214,nanortalik,GL,60.14,-45.24,-45.24,36.75,7.29,97.0,68.0,1538483261.0
157,jibuti,DJ,,,,,,,,
472,shakawe,BW,-18.36,21.84,21.84,90.21,10.65,19.0,0.0,1538483308.0
108,cairns,AU,-16.92,145.77,145.77,71.6,11.41,68.0,40.0,1538481600.0
791,tiksi,RU,71.64,128.87,128.87,26.85,8.63,100.0,76.0,1538483332.0
946,rovaniemi,FI,66.5,25.72,25.72,35.6,12.75,93.0,75.0,1538481000.0
998,hermanus,ZA,-34.42,19.24,19.24,54.84,7.74,88.0,92.0,1538483262.0
1056,bredasdorp,ZA,-34.53,20.04,20.04,60.8,11.41,51.0,75.0,1538481600.0
726,sao filipe,CV,14.9,-24.5,-24.5,78.78,11.99,99.0,64.0,1538483267.0
216,dikson,RU,73.51,80.55,80.55,38.55,15.57,100.0,80.0,1538483230.0
944,jagtial,IN,18.8,78.92,78.92,85.62,1.81,73.0,32.0,1538483381.0
976,henties bay,NA,-22.12,14.28,14.28,71.76,7.74,76.0,0.0,1538483310.0
163,atuona,PF,-9.8,-139.03,-139.03,78.78,12.66,100.0,92.0,1538483238.0
594,cayenne,GF,4.94,-52.33,-52.33,84.2,5.82,79.0,75.0,1538481600.0
1341,nikolskoye,RU,59.7,30.79,30.79,50.0,11.18,76.0,75.0,1538479800.0
1008,fare,PF,-16.7,-151.02,-151.02,74.28,24.07,100.0,92.0,1538483391.0
850,rikitea,PF,-23.12,-134.97,-134.97,66.99,19.71,100.0,92.0,1538483237.0
426,tuktoyaktuk,CA,69.44,-133.03,-133.03,24.6,11.43,100.0,24.0,1538483299.0
1099,busselton,AU,-33.64,115.35,115.35,62.04,22.39,99.0,80.0,1538483239.0
237,hilo,US,19.71,-155.08,-155.08,71.96,6.93,73.0,1.0,1538481360.0
1476,cape town,ZA,-33.93,18.42,18.42,62.6,26.4,55.0,40.0,1538481600.0
526,mahebourg,MU,-20.41,57.7,57.7,75.2,11.41,64.0,75.0,1538481600.0
1016,ribeira grande,PT,38.52,-28.7,-28.7,73.4,12.75,78.0,40.0,1538481600.0
520,sjovegan,NO,68.87,17.85,17.85,44.6,11.41,70.0,75.0,1538481000.0
1171,punta arenas,CL,-53.16,-70.91,-70.91,33.8,23.04,69.0,40.0,1538478000.0
1082,riyadh,SA,24.63,46.72,46.72,98.6,5.82,9.0,0.0,1538481600.0
1238,bongandanga,CD,1.51,21.07,21.07,81.12,3.27,76.0,88.0,1538483433.0
33,bluff,NZ,-46.6,168.33,168.33,48.18,12.77,100.0,0.0,1538483231.0
487,barrow,US,39.51,-90.4,-90.4,69.8,5.82,91.0,75.0,1538481300.0
1065,yerbogachen,RU,61.28,108.01,108.01,46.29,8.97,66.0,68.0,1538483380.0
140,busselton,AU,-33.64,115.35,115.35,62.04,22.39,99.0,80.0,1538483239.0
1118,clonakilty,IE,51.62,-8.87,-8.87,60.8,21.92,77.0,40.0,1538481600.0
1426,mataura,PF,,,,,,,,
156,mutoko,ZW,-17.4,32.23,32.23,79.68,4.72,42.0,0.0,1538483252.0
355,svetlyy,RU,,,,,,,,
1066,hobart,AU,-42.88,147.33,147.33,59.0,12.75,47.0,75.0,1538481600.0
728,nemuro,JP,43.32,145.57,145.57,56.55,6.62,100.0,8.0,1538483283.0
365,chuy,UY,-33.69,-53.46,-53.46,54.93,9.19,94.0,12.0,1538483286.0
1437,maragua,KE,-0.8,37.13,37.13,78.8,8.05,39.0,75.0,1538481600.0
453,la asuncion,VE,11.03,-63.86,-63.86,80.6,14.23,88.0,20.0,1538478000.0
1116,vila velha,BR,-3.71,-38.6,-38.6,84.2,21.92,51.0,20.0,1538481600.0
840,lavrentiya,RU,65.58,-170.99,-170.99,45.84,17.25,92.0,92.0,1538483302.0
1335,bintulu,MY,3.17,113.03,113.03,82.4,5.82,88.0,75.0,1538481600.0
166,manokwari,ID,-0.87,134.08,134.08,82.11,3.6,100.0,0.0,1538483254.0
1101,pattani,TH,6.87,101.25,101.25,76.98,2.15,95.0,36.0,1538483470.0
1165,faanui,PF,-16.48,-151.75,-151.75,76.71,21.5,100.0,56.0,1538483335.0
1081,dikson,RU,73.51,80.55,80.55,38.55,15.57,100.0,80.0,1538483230.0
723,kapaa,US,22.08,-159.32,-159.32,75.92,4.7,90.0,75.0,1538481360.0
706,sao joao da barra,BR,-21.64,-41.05,-41.05,84.2,11.41,58.0,0.0,1538481600.0
1479,belushya guba,RU,,,,,,,,
1027,belushya guba,RU,,,,,,,,
305,luderitz,NA,-26.65,15.16,15.16,65.37,25.3,79.0,0.0,1538483232.0
294,alofi,NU,-19.06,-169.92,-169.92,71.6,12.75,78.0,40.0,1538481600.0
1179,komsomolskiy,RU,67.55,63.78,63.78,39.09,10.54,98.0,92.0,1538483424.0
590,hobart,AU,-42.88,147.33,147.33,59.0,12.75,47.0,75.0,1538481600.0
1286,bengkulu,ID,,,,,,,,
741,nizhneyansk,RU,,,,,,,,
441,mataura,PF,,,,,,,,
38,rikitea,PF,-23.12,-134.97,-134.97,66.99,19.71,100.0,92.0,1538483224.0
508,balkhash,KZ,46.84,74.98,74.98,69.51,14.34,57.0,88.0,1538483313.0
1167,airai,PW,,,,,,,,
1320,atuona,PF,-9.8,-139.03,-139.03,78.78,12.66,100.0,92.0,1538483238.0
567,rikitea,PF,-23.12,-134.97,-134.97,66.99,19.71,100.0,92.0,1538483237.0
86,sibu,MY,2.29,111.83,111.83,78.8,2.24,88.0,75.0,1538481600.0
1094,marsh harbour,BS,26.54,-77.06,-77.06,82.47,18.7,100.0,80.0,1538483403.0
606,cape town,ZA,-33.93,18.42,18.42,62.6,26.4,55.0,40.0,1538481600.0
476,hamadan,IR,34.8,48.51,48.51,84.2,6.93,11.0,40.0,1538478000.0
398,tilichiki,RU,60.47,166.1,166.1,41.43,13.56,95.0,92.0,1538483291.0
19,punta arenas,CL,-53.16,-70.91,-70.91,33.8,23.04,69.0,40.0,1538478000.0
935,yerbogachen,RU,61.28,108.01,108.01,46.29,8.97,66.0,68.0,1538483380.0
1043,hambantota,LK,6.12,81.12,81.12,82.83,6.96,97.0,76.0,1538483395.0
112,amderma,RU,,,,,,,,
1348,velizh,RU,55.61,31.2,31.2,53.4,14.12,87.0,48.0,1538483450.0
1168,anadyr,RU,64.73,177.51,177.51,46.4,8.95,87.0,90.0,1538478000.0
1022,kieta,PG,-6.22,155.63,155.63,77.88,3.6,100.0,76.0,1538483393.0
366,ostrovnoy,RU,68.05,39.51,39.51,36.75,10.42,86.0,0.0,1538483286.0
269,winneba,GH,5.35,-0.62,-0.62,86.0,5.82,66.0,20.0,1538481600.0
797,katsuura,JP,33.93,134.5,134.5,62.6,6.93,82.0,75.0,1538478000.0
129,sentyabrskiy,RU,,,,,,,,
439,murdochville,CA,48.96,-65.49,-65.49,36.3,3.6,85.0,8.0,1538483302.0
1395,bredasdorp,ZA,-34.53,20.04,20.04,60.8,11.41,51.0,75.0,1538481600.0
1121,belaya gora,RU,68.54,146.19,146.19,30.54,4.38,94.0,92.0,1538483411.0
717,zhangjiakou,CN,40.77,114.88,114.88,43.14,2.71,66.0,0.0,1538483345.0
781,isangel,VU,-19.55,169.27,169.27,72.75,11.99,100.0,92.0,1538483326.0
12,puerto ayora,EC,-0.74,-90.35,-90.35,70.77,10.54,100.0,80.0,1538483226.0
299,punta arenas,CL,-53.16,-70.91,-70.91,33.8,23.04,69.0,40.0,1538478000.0
1248,bredasdorp,ZA,-34.53,20.04,20.04,60.8,11.41,51.0,75.0,1538481600.0
470,hanyang,CN,32.14,105.51,105.51,59.25,3.04,62.0,80.0,1538483307.0
565,chagda,RU,,,,,,,,
525,punta arenas,CL,-53.16,-70.91,-70.91,33.8,23.04,69.0,40.0,1538478000.0
1354,yongan,CN,39.7,113.69,113.69,41.16,0.47,74.0,0.0,1538483451.0
1353,torbay,CA,47.66,-52.73,-52.73,46.4,11.41,75.0,20.0,1538481600.0
1193,longyearbyen,SJ,78.22,15.64,15.64,32.0,8.05,100.0,75.0,1538481000.0
219,kahului,US,20.89,-156.47,-156.47,69.08,4.7,92.0,1.0,1538481360.0
1258,cheuskiny,RU,,,,,,,,
380,bilma,NE,18.69,12.92,12.92,104.88,8.63,17.0,0.0,1538483289.0
1338,provideniya,RU,64.42,-173.23,-173.23,47.46,18.7,95.0,92.0,1538483334.0
205,berlevag,NO,70.86,29.09,29.09,39.2,23.04,69.0,75.0,1538481000.0
692,port alfred,ZA,-33.59,26.89,26.89,70.32,25.52,71.0,48.0,1538483229.0
667,cidreira,BR,-30.17,-50.22,-50.22,63.21,9.64,100.0,100.0,1538483320.0
587,carnarvon,AU,-24.87,113.63,113.63,68.52,12.21,93.0,0.0,1538483242.0
722,hovd,MN,48.01,91.64,91.64,56.73,10.42,32.0,0.0,1538483346.0
382,vaini,TO,-21.2,-175.2,-175.2,69.8,10.29,83.0,20.0,1538481600.0
1447,bokspits,BW,,,,,,,,
1018,carnarvon,AU,-24.87,113.63,113.63,68.52,12.21,93.0,0.0,1538483242.0
974,nikolskoye,RU,59.7,30.79,30.79,50.0,11.18,76.0,75.0,1538479800.0
248,bluff,NZ,-46.6,168.33,168.33,48.18,12.77,100.0,0.0,1538483250.0
770,mar del plata,AR,-46.43,-67.52,-67.52,40.44,14.34,64.0,0.0,1538483257.0
1211,illoqqortoormiut,GL,,,,,,,,
916,avarua,CK,-21.21,-159.78,-159.78,68.0,6.93,49.0,20.0,1538481600.0
1184,bambous virieux,MU,-20.34,57.76,57.76,75.2,11.41,64.0,75.0,1538481600.0
564,busselton,AU,-33.64,115.35,115.35,62.04,22.39,99.0,80.0,1538483239.0
200,butaritari,KI,3.07,172.79,172.79,84.81,3.94,100.0,20.0,1538483235.0
790,pangody,RU,65.85,74.49,74.49,37.74,6.17,57.0,32.0,1538483356.0
408,saint-augustin,CA,45.63,-73.98,-73.98,46.4,6.93,100.0,90.0,1538482320.0
1305,busselton,AU,-33.64,115.35,115.35,62.04,22.39,99.0,80.0,1538483239.0
684,taolanaro,MG,,,,,,,,
284,ushuaia,AR,-54.81,-68.31,-68.31,33.8,23.04,86.0,90.0,1538480580.0
1127,taolanaro,MG,,,,,,,,
1122,kenai,US,60.55,-151.26,-151.26,46.04,6.93,89.0,90.0,1538481360.0
471,nikolskoye,RU,59.7,30.79,30.79,50.0,11.18,76.0,75.0,1538479800.0
984,malov,DK,55.76,12.32,12.32,48.2,21.92,93.0,92.0,1538481000.0
621,bredasdorp,ZA,-34.53,20.04,20.04,60.8,11.41,51.0,75.0,1538481600.0
1343,hithadhoo,MV,-0.6,73.08,73.08,82.74,19.82,100.0,92.0,1538483264.0
794,grindavik,IS,63.84,-22.43,-22.43,42.8,18.34,100.0,75.0,1538479800.0
1138,taolanaro,MG,,,,,,,,
1463,severo-kurilsk,RU,50.68,156.12,156.12,46.56,21.05,94.0,48.0,1538483269.0
689,tuktoyaktuk,CA,69.44,-133.03,-133.03,24.6,11.43,100.0,24.0,1538483299.0
817,la ronge,CA,55.1,-105.3,-105.3,26.6,4.7,86.0,40.0,1538481600.0
523,east london,ZA,-33.02,27.91,27.91,69.8,18.34,60.0,20.0,1538481600.0
1136,adrar,DZ,27.87,-0.29,-0.29,95.0,5.82,13.0,0.0,1538481600.0
480,ponta do sol,CV,17.2,-25.09,-25.09,78.06,13.0,100.0,64.0,1538483272.0
158,kununurra,AU,-15.77,128.74,128.74,78.8,3.36,61.0,0.0,1538481600.0
1039,punta arenas,CL,-53.16,-70.91,-70.91,33.8,23.04,69.0,40.0,1538478000.0
669,leningradskiy,RU,69.38,178.42,178.42,41.43,19.04,87.0,48.0,1538483338.0
481,kapaa,US,22.08,-159.32,-159.32,75.92,4.7,90.0,75.0,1538481360.0
424,cayenne,GF,4.94,-52.33,-52.33,84.2,5.82,79.0,75.0,1538481600.0
1191,husavik,IS,66.04,-17.34,-17.34,41.0,3.15,86.0,75.0,1538478000.0
52,xining,CN,36.62,101.77,101.77,43.05,5.73,65.0,80.0,1538483234.0
1135,trinidad,CU,21.81,-79.98,-79.98,75.2,8.05,94.0,0.0,1538481540.0
634,tiksi,RU,71.64,128.87,128.87,26.85,8.63,100.0,76.0,1538483332.0
1114,upernavik,GL,72.79,-56.15,-56.15,35.94,17.47,99.0,24.0,1538483266.0
589,kiruna,SE,67.86,20.23,20.23,33.8,9.17,80.0,75.0,1538481000.0
642,mataura,PF,,,,,,,,
607,tokat,TR,40.33,36.55,36.55,78.8,11.41,31.0,40.0,1538481000.0
400,hilo,US,19.71,-155.08,-155.08,71.96,6.93,73.0,1.0,1538481360.0
835,grand gaube,MU,-20.01,57.66,57.66,75.2,11.41,64.0,75.0,1538481600.0
1336,novyy urengoy,RU,66.08,76.63,76.63,37.11,7.4,63.0,0.0,1538483449.0
1270,pedernales,EC,0.07,-80.05,-80.05,68.88,4.05,98.0,80.0,1538483438.0
675,brae,GB,60.4,-1.35,-1.35,50.0,27.51,57.0,40.0,1538481000.0
235,rikitea,PF,-23.12,-134.97,-134.97,66.99,19.71,100.0,92.0,1538483237.0
1293,bambous virieux,MU,-20.34,57.76,57.76,75.2,11.41,64.0,75.0,1538481600.0
1363,mys shmidta,RU,,,,,,,,
1297,amderma,RU,,,,,,,,
445,ocotal,NI,13.63,-86.48,-86.48,65.91,2.37,100.0,88.0,1538483302.0
556,cape town,ZA,-33.93,18.42,18.42,62.6,26.4,55.0,40.0,1538481600.0
568,cravo norte,CO,6.3,-70.2,-70.2,73.11,3.49,100.0,64.0,1538483322.0
277,barrow,US,39.51,-90.4,-90.4,69.8,5.82,91.0,75.0,1538481300.0
478,freeport,BS,26.54,-78.7,-78.7,77.0,3.36,88.0,20.0,1538481600.0
335,mahebourg,MU,-20.41,57.7,57.7,75.2,11.41,64.0,75.0,1538481600.0
358,kodiak,US,39.95,-94.76,-94.76,59.0,4.5,93.0,90.0,1538481840.0
307,thap than,TH,15.46,99.89,99.89,75.36,3.04,92.0,0.0,1538483277.0
1440,avarua,CK,-21.21,-159.78,-159.78,68.0,6.93,49.0,20.0,1538481600.0
367,ilulissat,GL,69.22,-51.1,-51.1,30.2,17.22,54.0,75.0,1538481000.0
1481,ahipara,NZ,-35.17,173.16,173.16,47.91,4.5,100.0,0.0,1538483442.0
748,macaravita,CO,6.51,-72.59,-72.59,52.14,2.04,93.0,44.0,1538483350.0
87,geraldton,AU,-28.77,114.6,114.6,68.0,17.22,60.0,0.0,1538481600.0
1372,ahipara,NZ,-35.17,173.16,173.16,47.91,4.5,100.0,0.0,1538483442.0
643,amderma,RU,,,,,,,,
1328,atuona,PF,-9.8,-139.03,-139.03,78.78,12.66,100.0,92.0,1538483238.0
178,saint-philippe,RE,-21.36,55.77,55.77,75.2,13.87,50.0,75.0,1538481600.0
925,bethel,US,60.79,-161.76,-161.76,48.02,9.17,82.0,75.0,1538481180.0
843,aklavik,CA,68.22,-135.01,-135.01,30.2,9.17,74.0,75.0,1538481600.0
816,verdun,FR,49.16,5.39,5.39,50.0,19.46,71.0,90.0,1538481600.0
18,jamestown,SH,-15.94,-5.72,-5.72,67.8,16.69,100.0,68.0,1538483228.0
988,thompson,CA,55.74,-97.86,-97.86,24.8,5.82,92.0,20.0,1538481600.0
1325,berlevag,NO,70.86,29.09,29.09,39.2,23.04,69.0,75.0,1538481000.0
862,rikitea,PF,-23.12,-134.97,-134.97,66.99,19.71,100.0,92.0,1538483237.0
656,plerin,FR,48.54,-2.78,-2.78,60.8,17.22,87.0,90.0,1538481600.0
811,auki,SB,-8.77,160.7,160.7,79.41,5.95,100.0,76.0,1538483359.0
167,panacan,PH,7.15,125.66,125.66,84.2,6.93,79.0,75.0,1538478000.0
1196,hermanus,ZA,-34.42,19.24,19.24,54.84,7.74,88.0,92.0,1538483262.0
22,san marcos,MX,16.8,-99.38,-99.38,77.0,3.36,88.0,75.0,1538481060.0
70,rikitea,PF,-23.12,-134.97,-134.97,66.99,19.71,100.0,92.0,1538483237.0
431,shelburne,CA,44.08,-80.2,-80.2,50.0,4.7,100.0,90.0,1538481780.0
493,chuzhou,CN,32.25,118.33,118.33,68.0,4.47,52.0,0.0,1538478000.0
302,homer,US,59.64,-151.54,-151.54,51.08,13.87,65.0,90.0,1538481180.0
1055,nueve de julio,AR,-31.67,-68.39,-68.39,48.72,3.15,51.0,0.0,1538483397.0
1262,karamea,NZ,,,,,,,,
267,mataura,PF,,,,,,,,
619,lakatoro,VU,-16.11,167.42,167.42,75.63,7.74,100.0,48.0,1538483329.0
583,elizabeth city,US,36.3,-76.22,-76.22,70.34,3.71,100.0,20.0,1538482020.0
804,avarua,CK,-21.21,-159.78,-159.78,68.0,6.93,49.0,20.0,1538481600.0
341,norman wells,CA,65.28,-126.83,-126.83,30.2,5.82,80.0,75.0,1538481600.0
665,innisfail,AU,-17.52,146.03,146.03,66.63,6.17,71.0,92.0,1538483337.0
304,taoudenni,ML,22.68,-3.98,-3.98,99.21,7.74,25.0,0.0,1538483275.0
412,rikitea,PF,-23.12,-134.97,-134.97,66.99,19.71,100.0,92.0,1538483237.0
16,busselton,AU,-33.64,115.35,115.35,62.04,22.39,99.0,80.0,1538483227.0
773,kavaratti,IN,10.57,72.64,72.64,83.55,2.59,100.0,44.0,1538483247.0
624,berlevag,NO,70.86,29.09,29.09,39.2,23.04,69.0,75.0,1538481000.0
602,butaritari,KI,3.07,172.79,172.79,84.81,3.94,100.0,20.0,1538483235.0
1159,damietta,EG,31.42,31.81,31.81,85.08,11.77,67.0,0.0,1538483422.0
320,caravelas,BR,-17.73,-39.27,-39.27,77.79,16.46,99.0,92.0,1538483279.0
1392,rikitea,PF,-23.12,-134.97,-134.97,66.99,19.71,100.0,92.0,1538483237.0
1471,kapaa,US,22.08,-159.32,-159.32,75.92,4.7,90.0,75.0,1538481360.0
819,vaitupu,WF,,,,,,,,
268,podosinovets,RU,60.28,47.06,47.06,51.06,9.08,75.0,20.0,1538483271.0
963,rikitea,PF,-23.12,-134.97,-134.97,66.99,19.71,100.0,92.0,1538483237.0
964,east london,ZA,-33.02,27.91,27.91,69.8,18.34,60.0,20.0,1538481600.0
190,faya,TD,,,,,,,,
1224,balykshi,KZ,,,,,,,,
375,airai,PW,,,,,,,,
1153,tsihombe,MG,,,,,,,,
921,cape town,ZA,-33.93,18.42,18.42,62.6,26.4,55.0,40.0,1538481600.0
1351,hobart,AU,-42.88,147.33,147.33,59.0,12.75,47.0,75.0,1538481600.0
1350,codrington,AG,,,,,,,,
1031,kapit,MY,2.02,112.94,112.94,76.44,1.92,94.0,20.0,1538483394.0
1494,balad,IQ,34.02,44.15,44.15,105.24,9.19,15.0,0.0,1538483483.0
340,new norfolk,AU,-42.78,147.06,147.06,59.0,12.75,47.0,75.0,1538481600.0
1360,vanimo,PG,-2.67,141.3,141.3,85.53,13.0,98.0,0.0,1538483452.0
718,vila,VU,,,,,,,,
1265,naryan-mar,RU,67.67,53.09,53.09,42.51,21.72,80.0,12.0,1538483437.0
401,santa catarina de tepehuanes,MX,25.34,-105.72,-105.72,45.21,1.81,89.0,0.0,1538483292.0
1209,along,IN,28.17,94.8,94.8,64.47,1.7,94.0,100.0,1538483429.0
170,albany,AU,-35.02,117.88,117.88,53.4,11.65,73.0,36.0,1538483253.0
1497,taolanaro,MG,,,,,,,,
1042,ushuaia,AR,-54.81,-68.31,-68.31,33.8,23.04,86.0,90.0,1538480580.0
677,ossora,RU,59.24,163.07,163.07,44.31,5.95,100.0,92.0,1538483339.0
377,phek,IN,25.7,94.46,94.46,67.89,1.59,93.0,0.0,1538483288.0
1053,jamestown,SH,-15.94,-5.72,-5.72,67.8,16.69,100.0,68.0,1538483251.0
79,palmas,BR,-10.18,-48.33,-48.33,83.01,4.38,81.0,44.0,1538483106.0
846,mataura,PF,,,,,,,,
306,khatanga,RU,71.98,102.47,102.47,33.69,4.83,94.0,88.0,1538483277.0
1173,atuona,PF,-9.8,-139.03,-139.03,78.78,12.66,100.0,92.0,1538483238.0
1166,hermanus,ZA,-34.42,19.24,19.24,54.84,7.74,88.0,92.0,1538483262.0
960,cabo san lucas,MX,22.89,-109.91,-109.91,77.0,10.29,83.0,5.0,1538481180.0
482,nileshwar,IN,12.25,75.1,75.1,83.01,8.19,99.0,88.0,1538483309.0
536,albany,AU,-35.02,117.88,117.88,53.4,11.65,73.0,36.0,1538483253.0
450,kapaa,US,22.08,-159.32,-159.32,75.92,4.7,90.0,75.0,1538481360.0
919,butaritari,KI,3.07,172.79,172.79,84.81,3.94,100.0,20.0,1538483235.0
1245,kismayo,SO,,,,,,,,
663,busselton,AU,-33.64,115.35,115.35,62.04,22.39,99.0,80.0,1538483239.0
543,nikolskoye,RU,59.7,30.79,30.79,50.0,11.18,76.0,75.0,1538479800.0
1226,ribeira grande,PT,38.52,-28.7,-28.7,73.4,12.75,78.0,40.0,1538481600.0
194,kavieng,PG,-2.57,150.8,150.8,84.63,6.06,100.0,0.0,1538483258.0
393,new norfolk,AU,-42.78,147.06,147.06,59.0,12.75,47.0,75.0,1538481600.0
388,punta arenas,CL,-53.16,-70.91,-70.91,33.8,23.04,69.0,40.0,1538478000.0
179,situbondo,ID,-7.71,114.01,114.01,78.33,5.06,74.0,0.0,1538483256.0
1194,biak,ID,-0.91,122.88,122.88,77.88,5.39,90.0,56.0,1538483231.0
187,barrow,US,39.51,-90.4,-90.4,69.8,5.82,91.0,75.0,1538481300.0
1036,cape town,ZA,-33.93,18.42,18.42,62.6,26.4,55.0,40.0,1538481600.0
202,coquimbo,CL,-29.95,-71.34,-71.34,48.2,6.93,87.0,0.0,1538478000.0
887,kollumerland,NL,,,,,,,,
251,goderich,SL,,,,,,,,
756,havelock,US,34.88,-76.9,-76.9,66.92,3.15,100.0,1.0,1538481360.0
469,cape town,ZA,-33.93,18.42,18.42,62.6,26.4,55.0,40.0,1538481600.0
1461,mataura,PF,,,,,,,,
1197,buritis,BR,-15.62,-46.42,-46.42,86.52,12.21,35.0,64.0,1538483428.0
809,narsaq,GL,60.91,-46.05,-46.05,33.8,2.24,55.0,75.0,1538481000.0
1304,le moule,GP,16.33,-61.35,-61.35,84.2,5.82,74.0,20.0,1538481600.0
651,pokrovsk-uralskiy,RU,,,,,,,,
1064,port alfred,ZA,-33.59,26.89,26.89,70.32,25.52,71.0,48.0,1538483229.0
55,illoqqortoormiut,GL,,,,,,,,
1130,yellowknife,CA,62.45,-114.38,-114.38,32.0,18.34,100.0,90.0,1538481600.0
311,payo,PH,,,,,,,,
1013,tsihombe,MG,,,,,,,,
841,hede,CN,33.77,120.25,120.25,58.8,5.17,74.0,0.0,1538483364.0
415,rikitea,PF,-23.12,-134.97,-134.97,66.99,19.71,100.0,92.0,1538483237.0
1373,atuona,PF,-9.8,-139.03,-139.03,78.78,12.66,100.0,92.0,1538483238.0
633,maragogi,BR,-9.01,-35.22,-35.22,79.68,9.64,82.0,12.0,1538483162.0
1477,cidreira,BR,-30.17,-50.22,-50.22,63.21,9.64,100.0,100.0,1538483320.0
126,vaitupu,WF,,,,,,,,
1281,le vauclin,MQ,14.55,-60.84,-60.84,82.4,2.24,74.0,0.0,1538481600.0
1069,busselton,AU,-33.64,115.35,115.35,62.04,22.39,99.0,80.0,1538483239.0
547,bluff,NZ,-46.6,168.33,168.33,48.18,12.77,100.0,0.0,1538483250.0
752,guerrero negro,MX,27.97,-114.04,-114.04,70.5,14.67,100.0,92.0,1538483238.0
212,katsuura,JP,33.93,134.5,134.5,62.6,6.93,82.0,75.0,1538478000.0
348,mataura,PF,,,,,,,,
1150,atuona,PF,-9.8,-139.03,-139.03,78.78,12.66,100.0,92.0,1538483238.0
1160,grand river south east,MU,,,,,,,,
531,nagapattinam,IN,10.76,79.84,79.84,87.33,10.31,58.0,24.0,1538483103.0
123,kavaratti,IN,10.57,72.64,72.64,83.55,2.59,100.0,44.0,1538483247.0
765,albany,AU,-35.02,117.88,117.88,53.4,11.65,73.0,36.0,1538483253.0
985,the valley,AI,18.22,-63.06,-63.06,84.2,1.12,66.0,20.0,1538481600.0
142,salina cruz,MX,16.18,-95.2,-95.2,78.42,12.88,67.0,32.0,1538483250.0
405,rawannawi,KI,,,,,,,,
181,souillac,MU,-20.52,57.52,57.52,75.2,11.41,64.0,75.0,1538481600.0
990,sentyabrskiy,RU,,,,,,,,
1261,dudinka,RU,69.41,86.18,86.18,36.84,19.48,93.0,88.0,1538483437.0
1483,fleetwood,GB,53.93,-3.01,-3.01,59.0,19.46,77.0,40.0,1538481000.0
956,castro,CL,-42.48,-73.76,-73.76,42.87,5.73,97.0,68.0,1538483268.0
915,avarua,CK,-21.21,-159.78,-159.78,68.0,6.93,49.0,20.0,1538481600.0
501,te anau,NZ,-45.41,167.72,167.72,33.24,2.15,97.0,44.0,1538483312.0
585,cape town,ZA,-33.93,18.42,18.42,62.6,26.4,55.0,40.0,1538481600.0
273,taolanaro,MG,,,,,,,,
180,longyearbyen,SJ,78.22,15.64,15.64,32.0,8.05,100.0,75.0,1538481000.0
896,upernavik,GL,72.79,-56.15,-56.15,35.94,17.47,99.0,24.0,1538483266.0
1382,rikitea,PF,-23.12,-134.97,-134.97,66.99,19.71,100.0,92.0,1538483237.0
191,busselton,AU,-33.64,115.35,115.35,62.04,22.39,99.0,80.0,1538483239.0
89,imbituba,BR,-28.24,-48.67,-48.67,73.4,8.05,78.0,0.0,1538481600.0
1486,ilulissat,GL,69.22,-51.1,-51.1,30.2,17.22,54.0,75.0,1538481000.0
206,butaritari,KI,3.07,172.79,172.79,84.81,3.94,100.0,20.0,1538483235.0
265,tual,ID,-5.67,132.75,132.75,81.21,12.44,96.0,76.0,1538483257.0
214,hermanus,ZA,-34.42,19.24,19.24,54.84,7.74,88.0,92.0,1538483262.0
210,nikolskoye,RU,59.7,30.79,30.79,50.0,11.18,76.0,75.0,1538479800.0
169,rikitea,PF,-23.12,-134.97,-134.97,66.99,19.71,100.0,92.0,1538483237.0
1368,jamestown,SH,-15.94,-5.72,-5.72,67.8,16.69,100.0,68.0,1538483251.0
1146,yellowknife,CA,62.45,-114.38,-114.38,32.0,18.34,100.0,90.0,1538481600.0
155,rikitea,PF,-23.12,-134.97,-134.97,66.99,19.71,100.0,92.0,1538483237.0
1120,punta arenas,CL,-53.16,-70.91,-70.91,33.8,23.04,69.0,40.0,1538478000.0
863,bluff,NZ,-46.6,168.33,168.33,48.18,12.77,100.0,0.0,1538483250.0
518,albany,AU,-35.02,117.88,117.88,53.4,11.65,73.0,36.0,1538483253.0
9,ushuaia,AR,-54.81,-68.31,-68.31,33.8,23.04,86.0,90.0,1538480580.0
145,mataura,PF,,,,,,,,
1152,qaanaaq,GL,77.48,-69.36,-69.36,21.54,10.87,100.0,36.0,1538483258.0
1389,ushuaia,AR,-54.81,-68.31,-68.31,33.8,23.04,86.0,90.0,1538480580.0
1087,serenje,ZM,-13.23,30.22,30.22,80.58,8.08,36.0,8.0,1538483401.0
1103,governador valadares,BR,-18.85,-41.95,-41.95,78.96,8.3,57.0,32.0,1538483294.0
1177,cape town,ZA,-33.93,18.42,18.42,62.6,26.4,55.0,40.0,1538481600.0
1326,mahebourg,MU,-20.41,57.7,57.7,75.2,11.41,64.0,75.0,1538481600.0
1400,kapaa,US,22.08,-159.32,-159.32,75.92,4.7,90.0,75.0,1538481360.0
628,vaini,TO,-21.2,-175.2,-175.2,69.8,10.29,83.0,20.0,1538481600.0
48,hilo,US,19.71,-155.08,-155.08,71.96,6.93,73.0,1.0,1538481360.0
336,bluff,NZ,-46.6,168.33,168.33,48.18,12.77,100.0,0.0,1538483250.0
884,kavieng,PG,-2.57,150.8,150.8,84.63,6.06,100.0,0.0,1538483258.0
115,san vicente de canete,PE,-13.08,-76.38,-76.38,57.9,1.92,94.0,0.0,1538483246.0
421,hilo,US,19.71,-155.08,-155.08,71.96,6.93,73.0,1.0,1538481360.0
540,tiarei,PF,-17.53,-149.33,-149.33,75.2,3.36,78.0,75.0,1538481600.0
1347,taolanaro,MG,,,,,,,,
709,barentsburg,SJ,,,,,,,,
293,hermanus,ZA,-34.42,19.24,19.24,54.84,7.74,88.0,92.0,1538483262.0
28,umzimvubu,ZA,,,,,,,,
370,alice springs,AU,-23.7,133.88,133.88,84.2,10.29,28.0,48.0,1538481600.0
1374,kawalu,ID,-7.38,108.21,108.21,70.86,2.26,89.0,92.0,1538483343.0
438,chuy,UY,-33.69,-53.46,-53.46,54.93,9.19,94.0,12.0,1538483286.0
942,amderma,RU,,,,,,,,
193,qaanaaq,GL,77.48,-69.36,-69.36,21.54,10.87,100.0,36.0,1538483258.0
837,tuktoyaktuk,CA,69.44,-133.03,-133.03,24.6,11.43,100.0,24.0,1538483299.0
1300,malinovoye ozero,RU,51.68,79.77,79.77,47.91,7.63,66.0,56.0,1538483443.0
406,airai,PW,,,,,,,,
851,vila franca do campo,PT,37.72,-25.43,-25.43,64.4,5.82,93.0,75.0,1538481600.0
1334,bluff,NZ,-46.6,168.33,168.33,48.18,12.77,100.0,0.0,1538483250.0
270,klaksvik,FO,62.23,-6.59,-6.59,44.6,18.34,81.0,75.0,1538481000.0
712,raudeberg,NO,61.99,5.14,5.14,48.2,11.41,61.0,40.0,1538481000.0
36,lac du bonnet,CA,50.25,-96.06,-96.06,44.22,9.19,96.0,92.0,1538483231.0
81,quelimane,MZ,-17.88,36.89,36.89,86.0,11.41,48.0,20.0,1538481600.0
870,east london,ZA,-33.02,27.91,27.91,69.8,18.34,60.0,20.0,1538481600.0
1023,barrow,US,39.51,-90.4,-90.4,69.8,5.82,91.0,75.0,1538481300.0
1185,mys shmidta,RU,,,,,,,,
789,thompson,CA,55.74,-97.86,-97.86,24.8,5.82,92.0,20.0,1538481600.0
867,nizhneyansk,RU,,,,,,,,
880,la uribe,CO,,,,,,,,
1317,quelimane,MZ,-17.88,36.89,36.89,86.0,11.41,48.0,20.0,1538481600.0
118,new norfolk,AU,-42.78,147.06,147.06,59.0,12.75,47.0,75.0,1538481600.0
1295,tiksi,RU,71.64,128.87,128.87,26.85,8.63,100.0,76.0,1538483332.0
969,karimganj,IN,24.86,92.37,92.37,82.74,2.26,85.0,0.0,1538483386.0
1277,hamilton,BM,32.3,-64.78,-64.78,75.2,21.92,88.0,75.0,1538482080.0
325,mbanza-ngungu,CD,-5.25,14.87,14.87,77.43,4.61,95.0,68.0,1538483280.0
20,hobyo,SO,5.35,48.53,48.53,81.93,17.47,76.0,0.0,1538483228.0
954,hihifo,TO,,,,,,,,
150,hobart,AU,-42.88,147.33,147.33,59.0,12.75,47.0,75.0,1538481600.0
854,mataura,PF,,,,,,,,
76,mahebourg,MU,-20.41,57.7,57.7,75.2,11.41,64.0,75.0,1538481600.0
262,illoqqortoormiut,GL,,,,,,,,
947,butaritari,KI,3.07,172.79,172.79,84.81,3.94,100.0,20.0,1538483235.0
1075,punta arenas,CL,-53.16,-70.91,-70.91,33.8,23.04,69.0,40.0,1538478000.0
639,harper,LR,4.38,-7.71,-7.71,79.41,10.42,100.0,80.0,1538483333.0
1311,sentyabrskiy,RU,,,,,,,,
50,port elizabeth,ZA,-33.92,25.57,25.57,66.2,40.26,59.0,75.0,1538481600.0
647,jamestown,SH,-15.94,-5.72,-5.72,67.8,16.69,100.0,68.0,1538483251.0
803,touros,BR,-5.2,-35.46,-35.46,83.28,15.68,66.0,0.0,1538483345.0
58,alquizar,CU,22.81,-82.59,-82.59,73.4,3.36,100.0,20.0,1538481300.0
961,punta arenas,CL,-53.16,-70.91,-70.91,33.8,23.04,69.0,40.0,1538478000.0
1410,ushuaia,AR,-54.81,-68.31,-68.31,33.8,23.04,86.0,90.0,1538480580.0
1244,rawson,AR,-43.3,-65.11,-65.11,47.01,18.37,40.0,24.0,1538483330.0
529,torbay,CA,47.66,-52.73,-52.73,46.4,11.41,75.0,20.0,1538481600.0
1380,airai,PW,,,,,,,,
399,arraial do cabo,BR,-22.97,-42.02,-42.02,86.0,4.7,66.0,0.0,1538481600.0
655,bathsheba,BB,13.22,-59.52,-59.52,84.2,9.17,79.0,20.0,1538481600.0
948,charyshskoye,RU,51.4,83.56,83.56,38.01,4.72,100.0,92.0,1538483382.0
274,ponta do sol,CV,17.2,-25.09,-25.09,78.06,13.0,100.0,64.0,1538483272.0
177,kapaa,US,22.08,-159.32,-159.32,75.92,4.7,90.0,75.0,1538481360.0
874,busselton,AU,-33.64,115.35,115.35,62.04,22.39,99.0,80.0,1538483239.0
545,albany,AU,-35.02,117.88,117.88,53.4,11.65,73.0,36.0,1538483253.0
1050,hilo,US,19.71,-155.08,-155.08,71.96,6.93,73.0,1.0,1538481360.0
739,tortoli,IT,39.93,9.66,9.66,71.6,10.29,53.0,40.0,1538477700.0
35,biak,ID,-0.91,122.88,122.88,77.88,5.39,90.0,56.0,1538483231.0
929,rikitea,PF,-23.12,-134.97,-134.97,66.99,19.71,100.0,92.0,1538483237.0
768,punta arenas,CL,-53.16,-70.91,-70.91,33.8,23.04,69.0,40.0,1538478000.0
1061,barrow,US,39.51,-90.4,-90.4,69.8,5.82,91.0,75.0,1538481300.0
1310,itarema,BR,-2.92,-39.92,-39.92,85.08,17.81,63.0,0.0,1538483420.0
1468,norman wells,CA,65.28,-126.83,-126.83,30.2,5.82,80.0,75.0,1538481600.0
1156,semnan,IR,35.58,53.39,53.39,83.73,3.94,25.0,24.0,1538483421.0
1148,vaini,TO,-21.2,-175.2,-175.2,69.8,10.29,83.0,20.0,1538481600.0
871,siocon,PH,11.03,124.04,124.04,81.3,6.4,100.0,64.0,1538483368.0
782,thompson,CA,55.74,-97.86,-97.86,24.8,5.82,92.0,20.0,1538481600.0
116,puerto ayora,EC,-0.74,-90.35,-90.35,70.77,10.54,100.0,80.0,1538483226.0
630,qaanaaq,GL,77.48,-69.36,-69.36,21.54,10.87,100.0,36.0,1538483258.0
278,yellowknife,CA,62.45,-114.38,-114.38,32.0,18.34,100.0,90.0,1538481600.0
172,oltu,TR,40.55,42.0,42.0,65.73,1.92,55.0,56.0,1538483224.0
1417,ushuaia,AR,-54.81,-68.31,-68.31,33.8,23.04,86.0,90.0,1538480580.0
3,ushuaia,AR,-54.81,-68.31,-68.31,33.8,23.04,86.0,90.0,1538480580.0
866,avarua,CK,-21.21,-159.78,-159.78,68.0,6.93,49.0,20.0,1538481600.0
1133,aragarcas,BR,-15.9,-52.25,-52.25,78.8,4.5,78.0,0.0,1538478000.0
1383,obo,CF,5.39,26.49,26.49,83.73,6.85,84.0,36.0,1538483455.0
1294,rikitea,PF,-23.12,-134.97,-134.97,66.99,19.71,100.0,92.0,1538483237.0
404,gushi,CN,32.17,115.65,115.65,60.06,2.93,77.0,0.0,1538483292.0
1059,bluff,NZ,-46.6,168.33,168.33,48.18,12.77,100.0,0.0,1538483250.0
1014,colares,PT,38.8,-9.45,-9.45,82.4,9.17,18.0,0.0,1538481600.0
227,mataura,PF,,,,,,,,
1108,jamestown,SH,-15.94,-5.72,-5.72,67.8,16.69,100.0,68.0,1538483251.0
892,bluff,NZ,-46.6,168.33,168.33,48.18,12.77,100.0,0.0,1538483250.0
971,hermanus,ZA,-34.42,19.24,19.24,54.84,7.74,88.0,92.0,1538483262.0
1054,puerto ayora,EC,-0.74,-90.35,-90.35,70.77,10.54,100.0,80.0,1538483226.0
1474,la asuncion,VE,11.03,-63.86,-63.86,80.6,14.23,88.0,20.0,1538478000.0
601,avera,PF,,,,,,,,
222,mitzic,GA,0.78,11.55,11.55,71.94,3.04,100.0,88.0,1538483264.0
1201,atuona,PF,-9.8,-139.03,-139.03,78.78,12.66,100.0,92.0,1538483238.0
938,naze,JP,28.37,129.48,129.48,77.34,15.79,100.0,8.0,1538483342.0
37,puerto ayora,EC,-0.74,-90.35,-90.35,70.77,10.54,100.0,80.0,1538483226.0
1111,busselton,AU,-33.64,115.35,115.35,62.04,22.39,99.0,80.0,1538483239.0
822,yara,CU,20.27,-76.95,-76.95,76.08,6.29,85.0,48.0,1538483361.0
1385,saldanha,ZA,-33.01,17.94,17.94,66.2,17.22,67.0,20.0,1538481600.0
128,alofi,NU,-19.06,-169.92,-169.92,71.6,12.75,78.0,40.0,1538481600.0
1472,sistranda,NO,63.73,8.83,8.83,46.4,6.93,65.0,20.0,1538481000.0
771,williams lake,CA,52.13,-122.14,-122.14,26.6,11.41,92.0,90.0,1538481600.0
766,maceio,BR,-9.67,-35.74,-35.74,80.6,9.17,65.0,75.0,1538481600.0
708,fairview,CA,56.07,-118.38,-118.38,21.2,5.82,73.0,75.0,1538481600.0
681,port alfred,ZA,-33.59,26.89,26.89,70.32,25.52,71.0,48.0,1538483229.0
255,new norfolk,AU,-42.78,147.06,147.06,59.0,12.75,47.0,75.0,1538481600.0
263,illoqqortoormiut,GL,,,,,,,,
736,elbrus,RU,43.26,42.65,42.65,44.67,0.58,81.0,36.0,1538483348.0
769,punta arenas,CL,-53.16,-70.91,-70.91,33.8,23.04,69.0,40.0,1538478000.0
1231,murbad,IN,19.14,73.43,73.43,89.6,9.17,70.0,20.0,1538481600.0
188,nome,US,30.04,-94.42,-94.42,73.04,3.36,93.0,1.0,1538481300.0
778,halalo,WF,,,,,,,,
1100,ilulissat,GL,69.22,-51.1,-51.1,30.2,17.22,54.0,75.0,1538481000.0
1083,huilong,CN,31.15,106.5,106.5,63.66,3.38,77.0,92.0,1538483239.0
96,asau,TV,,,,,,,,
1487,tuatapere,NZ,-46.13,167.69,167.69,40.71,5.5,100.0,0.0,1538483262.0
225,butaritari,KI,3.07,172.79,172.79,84.81,3.94,100.0,20.0,1538483235.0
1396,high level,CA,58.52,-117.13,-117.13,30.2,4.7,63.0,75.0,1538481600.0
252,barrow,US,39.51,-90.4,-90.4,69.8,5.82,91.0,75.0,1538481300.0
444,lavrentiya,RU,65.58,-170.99,-170.99,45.84,17.25,92.0,92.0,1538483302.0
980,albany,AU,-35.02,117.88,117.88,53.4,11.65,73.0,36.0,1538483253.0
603,huanren,CN,41.26,125.37,125.37,44.04,2.71,89.0,0.0,1538483327.0
588,isla mujeres,MX,21.23,-86.73,-86.73,73.4,4.7,100.0,75.0,1538480640.0
1416,hobart,AU,-42.88,147.33,147.33,59.0,12.75,47.0,75.0,1538481600.0
857,armacao dos buzios,BR,,,,,,,,
113,illoqqortoormiut,GL,,,,,,,,
1470,alto longa,BR,-5.25,-42.21,-42.21,89.22,9.31,44.0,0.0,1538483480.0
1235,iqaluit,CA,63.75,-68.52,-68.52,28.4,9.17,79.0,75.0,1538481600.0
680,aykhal,RU,65.95,111.51,111.51,34.23,6.29,90.0,88.0,1538483340.0
755,new norfolk,AU,-42.78,147.06,147.06,59.0,12.75,47.0,75.0,1538481600.0
1314,port augusta,AU,-32.49,137.76,137.76,68.0,11.41,77.0,90.0,1538481600.0
509,castro,CL,-42.48,-73.76,-73.76,42.87,5.73,97.0,68.0,1538483268.0
1259,rikitea,PF,-23.12,-134.97,-134.97,66.99,19.71,100.0,92.0,1538483237.0
622,polunochnoye,RU,60.87,60.43,60.43,50.52,10.65,63.0,36.0,1538483331.0
982,barentsburg,SJ,,,,,,,,
905,totma,RU,59.98,42.76,42.76,51.78,17.02,73.0,56.0,1538483372.0
1352,awjilah,LY,29.14,21.3,21.3,97.05,11.21,21.0,68.0,1538483451.0
1032,ribeira grande,PT,38.52,-28.7,-28.7,73.4,12.75,78.0,40.0,1538481600.0
505,qaanaaq,GL,77.48,-69.36,-69.36,21.54,10.87,100.0,36.0,1538483258.0
488,katobu,ID,-4.94,122.53,122.53,82.38,9.53,82.0,0.0,1538483310.0
1448,kapaa,US,22.08,-159.32,-159.32,75.92,4.7,90.0,75.0,1538481360.0
528,mys shmidta,RU,,,,,,,,
917,carnarvon,AU,-24.87,113.63,113.63,68.52,12.21,93.0,0.0,1538483242.0
751,punta arenas,CL,-53.16,-70.91,-70.91,33.8,23.04,69.0,40.0,1538478000.0
591,mataura,PF,,,,,,,,
290,rikitea,PF,-23.12,-134.97,-134.97,66.99,19.71,100.0,92.0,1538483237.0
1006,rikitea,PF,-23.12,-134.97,-134.97,66.99,19.71,100.0,92.0,1538483237.0
1161,busselton,AU,-33.64,115.35,115.35,62.04,22.39,99.0,80.0,1538483239.0
1407,hilo,US,19.71,-155.08,-155.08,71.96,6.93,73.0,1.0,1538481360.0
979,gifhorn,DE,52.48,10.54,10.54,48.2,17.22,87.0,90.0,1538481000.0
244,beloha,MG,-25.17,45.06,45.06,87.24,5.5,28.0,0.0,1538483267.0
966,qaanaaq,GL,77.48,-69.36,-69.36,21.54,10.87,100.0,36.0,1538483258.0
387,guarapari,BR,-20.67,-40.5,-40.5,80.6,11.41,69.0,20.0,1538478000.0
141,bluff,NZ,-46.6,168.33,168.33,48.18,12.77,100.0,0.0,1538483250.0
292,busselton,AU,-33.64,115.35,115.35,62.04,22.39,99.0,80.0,1538483239.0
1306,cape town,ZA,-33.93,18.42,18.42,62.6,26.4,55.0,40.0,1538481600.0
1344,hihifo,TO,,,,,,,,
182,carnarvon,AU,-24.87,113.63,113.63,68.52,12.21,93.0,0.0,1538483242.0
1132,port alfred,ZA,-33.59,26.89,26.89,70.32,25.52,71.0,48.0,1538483229.0
149,tasiilaq,GL,65.61,-37.64,-37.64,35.6,6.93,64.0,75.0,1538481000.0
1260,kieta,PG,-6.22,155.63,155.63,77.88,3.6,100.0,76.0,1538483393.0
1499,oistins,BB,13.07,-59.53,-59.53,84.2,9.17,79.0,20.0,1538481600.0
933,jamestown,SH,-15.94,-5.72,-5.72,67.8,16.69,100.0,68.0,1538483251.0
59,kauhajoki,FI,62.43,22.18,22.18,48.2,2.24,57.0,20.0,1538481000.0
1233,codrington,AG,,,,,,,,
627,port alfred,ZA,-33.59,26.89,26.89,70.32,25.52,71.0,48.0,1538483229.0
911,albany,AU,-35.02,117.88,117.88,53.4,11.65,73.0,36.0,1538483253.0
813,sorong,ID,-0.86,131.25,131.25,76.44,4.83,100.0,92.0,1538483359.0
131,garissa,KE,-0.46,39.64,39.64,91.83,15.46,37.0,0.0,1538483249.0
1492,ortona,IT,42.35,14.4,14.4,69.8,10.29,64.0,20.0,1538481000.0
162,luderitz,NA,-26.65,15.16,15.16,65.37,25.3,79.0,0.0,1538483232.0
1096,ranong,TH,9.96,98.62,98.62,82.4,4.83,88.0,0.0,1538478000.0
429,port hedland,AU,-20.31,118.58,118.58,77.0,10.29,69.0,40.0,1538481600.0
1271,rikitea,PF,-23.12,-134.97,-134.97,66.99,19.71,100.0,92.0,1538483237.0
1077,illoqqortoormiut,GL,,,,,,,,
1115,amderma,RU,,,,,,,,
710,hasaki,JP,35.73,140.83,140.83,69.8,2.24,88.0,75.0,1538479800.0
1394,busselton,AU,-33.64,115.35,115.35,62.04,22.39,99.0,80.0,1538483239.0
1428,zhanaozen,KZ,43.35,52.85,52.85,81.3,7.52,21.0,0.0,1538483461.0
828,anadyr,RU,64.73,177.51,177.51,46.4,8.95,87.0,90.0,1538478000.0
1337,tutoia,BR,-2.76,-42.27,-42.27,84.2,21.92,48.0,20.0,1538478000.0
1025,kangaatsiaq,GL,68.31,-53.46,-53.46,34.77,6.73,100.0,76.0,1538483393.0
458,acapulco,MX,16.86,-99.88,-99.88,77.0,3.36,88.0,75.0,1538481060.0
1020,albany,AU,-35.02,117.88,117.88,53.4,11.65,73.0,36.0,1538483253.0
646,quba,AZ,41.36,48.51,48.51,73.56,3.83,65.0,0.0,1538483334.0
1267,la ronge,CA,55.1,-105.3,-105.3,26.6,4.7,86.0,40.0,1538481600.0
392,busselton,AU,-33.64,115.35,115.35,62.04,22.39,99.0,80.0,1538483239.0
88,ushuaia,AR,-54.81,-68.31,-68.31,33.8,23.04,86.0,90.0,1538480580.0
735,mys shmidta,RU,,,,,,,,
495,hithadhoo,MV,-0.6,73.08,73.08,82.74,19.82,100.0,92.0,1538483264.0
1323,bilibino,RU,68.06,166.44,166.44,24.78,2.26,87.0,0.0,1538483447.0
57,eyl,SO,7.98,49.82,49.82,82.11,13.33,74.0,12.0,1538483235.0
1403,porto tolle,IT,44.95,12.32,12.32,66.2,20.6,48.0,40.0,1538481300.0
136,kahului,US,20.89,-156.47,-156.47,69.08,4.7,92.0,1.0,1538481360.0
775,aanekoski,FI,62.6,25.73,25.73,46.4,9.17,61.0,75.0,1538481000.0
67,impfondo,CG,1.64,18.07,18.07,80.13,3.49,80.0,80.0,1538483237.0
221,kailua,US,21.39,-157.74,-157.74,78.98,4.7,76.0,40.0,1538481420.0
338,jamestown,SH,-15.94,-5.72,-5.72,67.8,16.69,100.0,68.0,1538483251.0
122,east london,ZA,-33.02,27.91,27.91,69.8,18.34,60.0,20.0,1538481600.0
257,georgetown,SH,-7.93,-14.42,-14.42,75.27,14.67,100.0,80.0,1538483245.0
120,lebu,CL,-37.62,-73.65,-73.65,50.7,15.01,100.0,80.0,1538483247.0
614,westport,NZ,-41.75,171.6,171.6,45.93,2.59,100.0,36.0,1538483329.0
1333,krumovgrad,BG,41.47,25.65,25.65,67.08,6.73,88.0,24.0,1538483448.0
1371,albacete,ES,39.0,-1.86,-1.86,64.4,2.24,39.0,0.0,1538481600.0
1257,kaitangata,NZ,-46.28,169.85,169.85,37.47,5.06,90.0,0.0,1538483253.0
423,san cristobal,EC,-1.02,-79.44,-79.44,55.83,1.59,92.0,0.0,1538483299.0
1475,cayenne,GF,4.94,-52.33,-52.33,84.2,5.82,79.0,75.0,1538481600.0
483,barentsburg,SJ,,,,,,,,
1427,nakusp,CA,50.24,-117.8,-117.8,35.4,1.7,100.0,92.0,1538483461.0
283,bluff,NZ,-46.6,168.33,168.33,48.18,12.77,100.0,0.0,1538483250.0
73,aksarka,RU,66.56,67.8,67.8,36.75,10.2,88.0,64.0,1538483238.0
321,ivanava,BY,52.14,25.53,25.53,59.34,14.23,58.0,48.0,1538483280.0
1157,egvekinot,RU,66.32,-179.17,-179.17,44.04,2.59,100.0,92.0,1538483421.0
1041,provideniya,RU,64.42,-173.23,-173.23,47.46,18.7,95.0,92.0,1538483334.0
1026,rikitea,PF,-23.12,-134.97,-134.97,66.99,19.71,100.0,92.0,1538483237.0
54,hobart,AU,-42.88,147.33,147.33,59.0,12.75,47.0,75.0,1538481600.0
559,mataura,PF,,,,,,,,
579,attawapiskat,CA,,,,,,,,
1458,albany,AU,-35.02,117.88,117.88,53.4,11.65,73.0,36.0,1538483253.0
1241,ilulissat,GL,69.22,-51.1,-51.1,30.2,17.22,54.0,75.0,1538481000.0
683,dicabisagan,PH,17.08,122.42,122.42,76.89,12.1,100.0,8.0,1538483340.0
372,riyadh,SA,24.63,46.72,46.72,98.6,5.82,9.0,0.0,1538481600.0
749,rikitea,PF,-23.12,-134.97,-134.97,66.99,19.71,100.0,92.0,1538483237.0
847,sinnamary,GF,5.38,-52.96,-52.96,83.73,10.2,89.0,0.0,1538483365.0
98,nagato,JP,34.35,131.14,131.14,68.0,2.24,77.0,20.0,1538478000.0
1072,arraial do cabo,BR,-22.97,-42.02,-42.02,86.0,4.7,66.0,0.0,1538481600.0
788,hervey bay,AU,-25.3,152.85,152.85,66.81,13.0,100.0,88.0,1538483355.0
1109,albany,AU,-35.02,117.88,117.88,53.4,11.65,73.0,36.0,1538483253.0
396,mwene-ditu,CD,-7.01,23.45,23.45,87.96,4.72,56.0,0.0,1538483291.0
834,punta arenas,CL,-53.16,-70.91,-70.91,33.8,23.04,69.0,40.0,1538478000.0
154,taolanaro,MG,,,,,,,,
146,rurrenabaque,BO,-14.44,-67.53,-67.53,78.8,3.27,94.0,75.0,1538481600.0
563,djenne,ML,13.91,-4.55,-4.55,87.42,7.52,99.0,0.0,1538483322.0
1459,novoilinsk,RU,,,,,,,,
1284,chokurdakh,RU,70.62,147.9,147.9,31.8,3.38,90.0,88.0,1538483286.0
764,coquimbo,CL,-29.95,-71.34,-71.34,48.2,6.93,87.0,0.0,1538478000.0
1443,kabanjahe,ID,3.1,98.49,98.49,78.8,1.92,88.0,40.0,1538481600.0
230,thompson,CA,55.74,-97.86,-97.86,24.8,5.82,92.0,20.0,1538481600.0
1406,iquitos,PE,-3.75,-73.25,-73.25,77.0,3.36,88.0,75.0,1538481600.0
175,ushuaia,AR,-54.81,-68.31,-68.31,33.8,23.04,86.0,90.0,1538480580.0
1399,east london,ZA,-33.02,27.91,27.91,69.8,18.34,60.0,20.0,1538481600.0
517,rikitea,PF,-23.12,-134.97,-134.97,66.99,19.71,100.0,92.0,1538483237.0
1129,luderitz,NA,-26.65,15.16,15.16,65.37,25.3,79.0,0.0,1538483232.0
945,grindavik,IS,63.84,-22.43,-22.43,42.8,18.34,100.0,75.0,1538479800.0
433,thompson,CA,55.74,-97.86,-97.86,24.8,5.82,92.0,20.0,1538481600.0
51,bluff,NZ,-46.6,168.33,168.33,48.18,12.77,100.0,0.0,1538483231.0
727,gua musang,MY,4.88,101.97,101.97,76.44,1.36,87.0,64.0,1538483346.0
662,rikitea,PF,-23.12,-134.97,-134.97,66.99,19.71,100.0,92.0,1538483237.0
1049,cidreira,BR,-30.17,-50.22,-50.22,63.21,9.64,100.0,100.0,1538483320.0
233,sal rei,CV,16.18,-22.92,-22.92,87.8,14.99,70.0,40.0,1538481600.0
1292,ushuaia,AR,-54.81,-68.31,-68.31,33.8,23.04,86.0,90.0,1538480580.0
783,watertown,US,44.9,-97.12,-97.12,51.62,13.87,100.0,90.0,1538482500.0
1269,grenaa,DK,56.42,10.88,10.88,53.6,18.34,81.0,8.0,1538481000.0
555,taolanaro,MG,,,,,,,,
1366,nikolskoye,RU,59.7,30.79,30.79,50.0,11.18,76.0,75.0,1538479800.0
795,padang,ID,-0.92,100.36,100.36,79.5,7.63,100.0,44.0,1538483356.0
1429,ostrovnoy,RU,68.05,39.51,39.51,36.75,10.42,86.0,0.0,1538483286.0
1247,hermanus,ZA,-34.42,19.24,19.24,54.84,7.74,88.0,92.0,1538483262.0
666,atasu,KZ,48.68,71.64,71.64,56.28,11.65,31.0,0.0,1538483337.0
45,channel-port aux basques,CA,47.57,-59.14,-59.14,48.54,9.53,100.0,76.0,1538483232.0
908,kendari,ID,-3.99,122.52,122.52,79.68,6.62,57.0,0.0,1538483373.0
291,taoudenni,ML,22.68,-3.98,-3.98,99.21,7.74,25.0,0.0,1538483275.0
69,bengkulu,ID,,,,,,,,
29,rikitea,PF,-23.12,-134.97,-134.97,66.99,19.71,100.0,92.0,1538483224.0
465,punta arenas,CL,-53.16,-70.91,-70.91,33.8,23.04,69.0,40.0,1538478000.0
1117,goma,CD,-1.67,29.23,29.23,73.65,4.16,55.0,88.0,1538483410.0
102,bredasdorp,ZA,-34.53,20.04,20.04,60.8,11.41,51.0,75.0,1538481600.0
249,port elizabeth,ZA,-33.92,25.57,25.57,66.2,40.26,59.0,75.0,1538481600.0
570,hermanus,ZA,-34.42,19.24,19.24,54.84,7.74,88.0,92.0,1538483262.0
1178,ushuaia,AR,-54.81,-68.31,-68.31,33.8,23.04,86.0,90.0,1538480580.0
599,krasnopavlivka,UA,49.15,36.33,36.33,69.15,7.96,62.0,48.0,1538483327.0
1106,rikitea,PF,-23.12,-134.97,-134.97,66.99,19.71,100.0,92.0,1538483237.0
1175,east london,ZA,-33.02,27.91,27.91,69.8,18.34,60.0,20.0,1538481600.0
95,carnarvon,AU,-24.87,113.63,113.63,68.52,12.21,93.0,0.0,1538483242.0
900,busselton,AU,-33.64,115.35,115.35,62.04,22.39,99.0,80.0,1538483239.0
498,hobart,AU,-42.88,147.33,147.33,59.0,12.75,47.0,75.0,1538481600.0
566,rikitea,PF,-23.12,-134.97,-134.97,66.99,19.71,100.0,92.0,1538483237.0
164,taolanaro,MG,,,,,,,,
1444,jibuti,DJ,,,,,,,,
937,atuona,PF,-9.8,-139.03,-139.03,78.78,12.66,100.0,92.0,1538483238.0
78,busselton,AU,-33.64,115.35,115.35,62.04,22.39,99.0,80.0,1538483239.0
1367,longyearbyen,SJ,78.22,15.64,15.64,32.0,8.05,100.0,75.0,1538481000.0
124,dikson,RU,73.51,80.55,80.55,38.55,15.57,100.0,80.0,1538483230.0
332,georgetown,SH,-7.93,-14.42,-14.42,75.27,14.67,100.0,80.0,1538483245.0
99,ribeira grande,PT,38.52,-28.7,-28.7,73.4,12.75,78.0,40.0,1538481600.0
913,ponta do sol,CV,17.2,-25.09,-25.09,78.06,13.0,100.0,64.0,1538483272.0
1192,ulkan,RU,57.24,107.32,107.32,52.95,6.73,59.0,12.0,1538483427.0
1409,doha,KW,,,,,,,,
1378,saskylakh,RU,71.97,114.09,114.09,27.12,4.83,90.0,92.0,1538483244.0
1298,ushuaia,AR,-54.81,-68.31,-68.31,33.8,23.04,86.0,90.0,1538480580.0
258,severo-kurilsk,RU,50.68,156.12,156.12,46.56,21.05,94.0,48.0,1538483269.0
352,bluff,NZ,-46.6,168.33,168.33,48.18,12.77,100.0,0.0,1538483250.0
1441,batangafo,CF,7.3,18.29,18.29,88.68,6.62,79.0,0.0,1538483463.0
928,esperance,AU,-33.86,121.89,121.89,56.1,11.1,78.0,92.0,1538483334.0
30,cidreira,BR,-30.17,-50.22,-50.22,63.21,9.64,100.0,100.0,1538483230.0
130,rikitea,PF,-23.12,-134.97,-134.97,66.99,19.71,100.0,92.0,1538483237.0
1044,albany,AU,-35.02,117.88,117.88,53.4,11.65,73.0,36.0,1538483253.0
466,husavik,IS,66.04,-17.34,-17.34,41.0,3.15,86.0,75.0,1538478000.0
379,nikolskoye,RU,59.7,30.79,30.79,50.0,11.18,76.0,75.0,1538479800.0
761,hobart,AU,-42.88,147.33,147.33,59.0,12.75,47.0,75.0,1538481600.0
996,qaanaaq,GL,77.48,-69.36,-69.36,21.54,10.87,100.0,36.0,1538483258.0
890,bereda,SO,,,,,,,,
975,ushuaia,AR,-54.81,-68.31,-68.31,33.8,23.04,86.0,90.0,1538480580.0
1170,vaini,TO,-21.2,-175.2,-175.2,69.8,10.29,83.0,20.0,1538481600.0
1182,longyearbyen,SJ,78.22,15.64,15.64,32.0,8.05,100.0,75.0,1538481000.0
1151,port alfred,ZA,-33.59,26.89,26.89,70.32,25.52,71.0,48.0,1538483229.0
440,cape town,ZA,-33.93,18.42,18.42,62.6,26.4,55.0,40.0,1538481600.0
1356,punta arenas,CL,-53.16,-70.91,-70.91,33.8,23.04,69.0,40.0,1538478000.0
1289,ahipara,NZ,-35.17,173.16,173.16,47.91,4.5,100.0,0.0,1538483442.0
1079,ushuaia,AR,-54.81,-68.31,-68.31,33.8,23.04,86.0,90.0,1538480580.0
721,huilong,CN,31.15,106.5,106.5,63.66,3.38,77.0,92.0,1538483239.0
882,new norfolk,AU,-42.78,147.06,147.06,59.0,12.75,47.0,75.0,1538481600.0
491,mnichovo hradiste,CZ,50.53,14.97,14.97,50.0,13.87,53.0,75.0,1538481600.0
247,nikolskoye,RU,59.7,30.79,30.79,50.0,11.18,76.0,75.0,1538479800.0
432,arvin,US,35.21,-118.83,-118.83,71.6,4.7,43.0,20.0,1538481300.0
927,mahebourg,MU,-20.41,57.7,57.7,75.2,11.41,64.0,75.0,1538481600.0
1186,birao,CF,10.3,22.78,22.78,87.96,6.51,81.0,0.0,1538483489.0
347,chagda,RU,,,,,,,,
743,ushuaia,AR,-54.81,-68.31,-68.31,33.8,23.04,86.0,90.0,1538480580.0
1412,hobart,AU,-42.88,147.33,147.33,59.0,12.75,47.0,75.0,1538481600.0
1007,peniche,PT,39.36,-9.38,-9.38,82.4,9.17,18.0,0.0,1538481600.0
351,kahului,US,20.89,-156.47,-156.47,69.08,4.7,92.0,1.0,1538481360.0
389,ewa beach,US,21.32,-158.01,-158.01,78.98,4.7,90.0,40.0,1538481420.0
1037,rikitea,PF,-23.12,-134.97,-134.97,66.99,19.71,100.0,92.0,1538483237.0
970,hilo,US,19.71,-155.08,-155.08,71.96,6.93,73.0,1.0,1538481360.0
978,geraldton,AU,-28.77,114.6,114.6,68.0,17.22,60.0,0.0,1538481600.0
1462,narsaq,GL,60.91,-46.05,-46.05,33.8,2.24,55.0,75.0,1538481000.0
1095,uruacu,BR,-14.52,-49.14,-49.14,81.48,6.73,59.0,20.0,1538483404.0
327,namibe,AO,-15.19,12.15,12.15,68.88,11.21,96.0,8.0,1538483281.0
560,mitsamiouli,KM,-11.38,43.28,43.28,82.4,4.7,69.0,40.0,1538478000.0
597,busselton,AU,-33.64,115.35,115.35,62.04,22.39,99.0,80.0,1538483239.0
582,busselton,AU,-33.64,115.35,115.35,62.04,22.39,99.0,80.0,1538483239.0
1236,tasiilaq,GL,65.61,-37.64,-37.64,35.6,6.93,64.0,75.0,1538481000.0
1169,rikitea,PF,-23.12,-134.97,-134.97,66.99,19.71,100.0,92.0,1538483237.0
1418,elk city,US,35.41,-99.4,-99.4,68.0,9.17,96.0,1.0,1538481300.0
288,butaritari,KI,3.07,172.79,172.79,84.81,3.94,100.0,20.0,1538483235.0
271,hilo,US,19.71,-155.08,-155.08,71.96,6.93,73.0,1.0,1538481360.0
936,bathsheba,BB,13.22,-59.52,-59.52,84.2,9.17,79.0,20.0,1538481600.0
888,kahului,US,20.89,-156.47,-156.47,69.08,4.7,92.0,1.0,1538481360.0
8,khatanga,RU,71.98,102.47,102.47,33.69,4.83,94.0,88.0,1538483225.0
446,souillac,MU,-20.52,57.52,57.52,75.2,11.41,64.0,75.0,1538481600.0
138,kalininsk,RU,51.5,44.48,44.48,60.33,17.13,46.0,44.0,1538483250.0
530,qaanaaq,GL,77.48,-69.36,-69.36,21.54,10.87,100.0,36.0,1538483258.0
1217,poyarkovo,RU,49.62,128.65,128.65,47.28,9.42,56.0,20.0,1538483430.0
422,saint-philippe,RE,-21.36,55.77,55.77,75.2,13.87,50.0,75.0,1538481600.0
298,tingi,TZ,-11.3,35.03,35.03,74.91,5.73,100.0,44.0,1538483275.0
114,chenghai,CN,23.46,116.77,116.77,78.8,11.18,61.0,0.0,1538478000.0
318,amderma,RU,,,,,,,,
1164,makakilo city,US,21.35,-158.09,-158.09,78.98,4.7,90.0,40.0,1538481420.0
443,ngaoundere,CM,7.32,13.58,13.58,78.8,6.93,78.0,40.0,1538481600.0
1071,bonavista,CA,48.65,-53.11,-53.11,47.01,16.69,100.0,0.0,1538483399.0
217,butaritari,KI,3.07,172.79,172.79,84.81,3.94,100.0,20.0,1538483235.0
1322,nikolskoye,RU,59.7,30.79,30.79,50.0,11.18,76.0,75.0,1538479800.0
1107,inhambane,MZ,-23.87,35.38,35.38,84.0,11.32,63.0,0.0,1538483471.0
232,jensen beach,US,27.25,-80.23,-80.23,82.04,5.82,78.0,75.0,1538481300.0
329,sinkat,SD,,,,,,,,
632,mataura,PF,,,,,,,,
1176,gladstone,AU,-23.84,151.26,151.26,64.65,12.88,78.0,0.0,1538483424.0
595,jamestown,SH,-15.94,-5.72,-5.72,67.8,16.69,100.0,68.0,1538483251.0
1227,busselton,AU,-33.64,115.35,115.35,62.04,22.39,99.0,80.0,1538483239.0
796,mataura,PF,,,,,,,,
753,barbar,SD,,,,,,,,
596,avarua,CK,-21.21,-159.78,-159.78,68.0,6.93,49.0,20.0,1538481600.0
922,tuktoyaktuk,CA,69.44,-133.03,-133.03,24.6,11.43,100.0,24.0,1538483299.0
436,cayenne,GF,4.94,-52.33,-52.33,84.2,5.82,79.0,75.0,1538481600.0
437,asbe teferi,ET,9.08,40.87,40.87,76.26,5.17,33.0,68.0,1538483301.0
153,dikson,RU,73.51,80.55,80.55,38.55,15.57,100.0,80.0,1538483230.0
354,bluff,NZ,-46.6,168.33,168.33,48.18,12.77,100.0,0.0,1538483250.0
339,alibag,IN,18.64,72.88,72.88,89.6,9.17,70.0,20.0,1538481600.0
645,esperance,AU,-33.86,121.89,121.89,56.1,11.1,78.0,92.0,1538483334.0
83,sembe,CG,1.65,14.58,14.58,83.91,2.93,68.0,44.0,1538483240.0
1387,monchegorsk,RU,67.94,32.93,32.93,36.03,2.82,83.0,8.0,1538483456.0
1498,fort nelson,CA,58.81,-122.69,-122.69,24.8,8.05,85.0,20.0,1538481600.0
497,east london,ZA,-33.02,27.91,27.91,69.8,18.34,60.0,20.0,1538481600.0
287,lakeside,US,37.61,-77.48,-77.48,66.92,4.38,100.0,1.0,1538481360.0
359,bluff,NZ,-46.6,168.33,168.33,48.18,12.77,100.0,0.0,1538483250.0
1070,rikitea,PF,-23.12,-134.97,-134.97,66.99,19.71,100.0,92.0,1538483237.0
839,airai,PW,,,,,,,,
1285,rikitea,PF,-23.12,-134.97,-134.97,66.99,19.71,100.0,92.0,1538483237.0
1453,pisco,PE,-13.71,-76.2,-76.2,71.6,3.36,30.0,20.0,1538481600.0
295,tucumcari,US,35.17,-103.73,-103.73,57.81,6.29,71.0,0.0,1538483118.0
535,kirakira,SB,-10.46,161.92,161.92,81.75,12.44,100.0,32.0,1538483317.0
368,rikitea,PF,-23.12,-134.97,-134.97,66.99,19.71,100.0,92.0,1538483237.0
801,nouadhibou,MR,20.93,-17.03,-17.03,80.6,11.41,61.0,20.0,1538481600.0
1033,kodiak,US,39.95,-94.76,-94.76,59.0,4.5,93.0,90.0,1538481840.0
1291,bull savanna,JM,17.89,-77.59,-77.59,70.5,2.37,98.0,80.0,1538483442.0
0,umm jarr,SD,,,,,,,,
386,fort nelson,CA,58.81,-122.69,-122.69,24.8,8.05,85.0,20.0,1538481600.0
654,omboue,GA,-1.57,9.26,9.26,78.33,8.3,100.0,92.0,1538483335.0
1200,mataura,PF,,,,,,,,
1290,amderma,RU,,,,,,,,
877,lafiagi,NG,8.85,5.42,5.42,85.26,4.38,96.0,20.0,1538483369.0
1232,punta arenas,CL,-53.16,-70.91,-70.91,33.8,23.04,69.0,40.0,1538478000.0
486,henties bay,NA,-22.12,14.28,14.28,71.76,7.74,76.0,0.0,1538483310.0
151,nikolsk,RU,59.53,45.45,45.45,49.8,9.64,75.0,56.0,1538483252.0
1435,albany,AU,-35.02,117.88,117.88,53.4,11.65,73.0,36.0,1538483253.0
1420,port alfred,ZA,-33.59,26.89,26.89,70.32,25.52,71.0,48.0,1538483229.0
117,flinders,AU,-34.58,150.85,150.85,55.4,6.73,82.0,8.0,1538478000.0
1424,fairbanks,US,64.84,-147.72,-147.72,39.02,9.17,16.0,1.0,1538481480.0
776,sabha,JO,32.33,36.5,36.5,87.8,5.82,31.0,56.0,1538481600.0
534,vaini,TO,-21.2,-175.2,-175.2,69.8,10.29,83.0,20.0,1538481600.0
310,tinqueux,FR,49.25,3.99,3.99,53.6,19.46,71.0,90.0,1538481600.0
838,palana,RU,59.08,159.95,159.95,35.4,4.05,97.0,92.0,1538483363.0
934,castro,CL,-42.48,-73.76,-73.76,42.87,5.73,97.0,68.0,1538483268.0
695,la brea,PE,,,,,,,,
1141,bogorodskoye,RU,52.37,140.44,140.44,36.3,2.37,100.0,0.0,1538483481.0
1438,saint-philippe,RE,-21.36,55.77,55.77,75.2,13.87,50.0,75.0,1538481600.0
215,charcas,MX,23.13,-101.11,-101.11,53.04,5.5,100.0,24.0,1538483262.0
1098,gombong,ID,-7.19,109.31,109.31,76.8,2.71,77.0,56.0,1538483406.0
1010,cape town,ZA,-33.93,18.42,18.42,62.6,26.4,55.0,40.0,1538481600.0
600,nanortalik,GL,60.14,-45.24,-45.24,36.75,7.29,97.0,68.0,1538483261.0
4,mount gambier,AU,-37.83,140.78,140.78,60.24,5.95,51.0,92.0,1538482998.0
799,pangnirtung,CA,66.15,-65.72,-65.72,28.4,4.7,79.0,75.0,1538481660.0
1190,povenets,RU,62.85,34.83,34.83,46.56,11.77,100.0,80.0,1538483427.0
66,kwekwe,ZW,-18.93,29.81,29.81,82.83,4.61,18.0,0.0,1538483236.0
729,nikolskoye,RU,59.7,30.79,30.79,50.0,11.18,76.0,75.0,1538479800.0
23,mar del plata,AR,-46.43,-67.52,-67.52,40.44,14.34,64.0,0.0,1538483229.0
208,norman wells,CA,65.28,-126.83,-126.83,30.2,5.82,80.0,75.0,1538481600.0
702,maniitsoq,GL,65.42,-52.9,-52.9,32.34,10.65,100.0,44.0,1538483342.0
1,saint george,BM,32.38,-64.68,-64.68,78.8,18.34,78.0,75.0,1538480100.0
490,shingu,JP,33.72,135.99,135.99,71.67,5.39,100.0,0.0,1538483311.0
631,souillac,MU,-20.52,57.52,57.52,75.2,11.41,64.0,75.0,1538481600.0
430,nanortalik,GL,60.14,-45.24,-45.24,36.75,7.29,97.0,68.0,1538483261.0
845,bredasdorp,ZA,-34.53,20.04,20.04,60.8,11.41,51.0,75.0,1538481600.0
865,kargopol,RU,61.51,38.95,38.95,50.07,15.46,83.0,68.0,1538483367.0
720,fortuna,US,40.6,-124.16,-124.16,57.2,2.15,100.0,1.0,1538481300.0
266,zaysan,KZ,47.47,84.87,84.87,54.48,3.49,73.0,92.0,1538483270.0
613,atuona,PF,-9.8,-139.03,-139.03,78.78,12.66,100.0,92.0,1538483238.0
410,dingle,IE,52.14,-10.27,-10.27,56.64,15.57,97.0,76.0,1538483294.0
1112,cayenne,GF,4.94,-52.33,-52.33,84.2,5.82,79.0,75.0,1538481600.0
551,castro,CL,-42.48,-73.76,-73.76,42.87,5.73,97.0,68.0,1538483268.0
872,ushuaia,AR,-54.81,-68.31,-68.31,33.8,23.04,86.0,90.0,1538480580.0
185,tual,ID,-5.67,132.75,132.75,81.21,12.44,96.0,76.0,1538483257.0
657,verkhoyansk,RU,67.55,133.39,133.39,25.32,2.59,80.0,80.0,1538483336.0
344,butaritari,KI,3.07,172.79,172.79,84.81,3.94,100.0,20.0,1538483235.0
1092,burica,PA,,,,,,,,
333,ushuaia,AR,-54.81,-68.31,-68.31,33.8,23.04,86.0,90.0,1538480580.0
694,warqla,DZ,,,,,,,,
198,roma,AU,-26.57,148.79,148.79,59.25,6.96,44.0,0.0,1538483139.0
1329,cherskiy,RU,68.75,161.3,161.3,32.7,2.15,84.0,0.0,1538483355.0
1349,hobart,AU,-42.88,147.33,147.33,59.0,12.75,47.0,75.0,1538481600.0
546,itaberai,BR,-16.02,-49.81,-49.81,76.98,9.19,75.0,12.0,1538483319.0
1376,katsuura,JP,33.93,134.5,134.5,62.6,6.93,82.0,75.0,1538478000.0
448,kokopo,PG,-4.34,152.27,152.27,80.58,8.52,100.0,0.0,1538483303.0
1212,tarragona,ES,41.12,1.25,1.25,73.4,16.11,28.0,0.0,1538481600.0
1140,avarua,CK,-21.21,-159.78,-159.78,68.0,6.93,49.0,20.0,1538481600.0
777,saskylakh,RU,71.97,114.09,114.09,27.12,4.83,90.0,92.0,1538483244.0
17,turukhansk,RU,65.8,87.96,87.96,36.48,22.28,98.0,88.0,1538483227.0
1149,itarema,BR,-2.92,-39.92,-39.92,85.08,17.81,63.0,0.0,1538483420.0
195,vysokogornyy,RU,50.1,139.13,139.13,36.93,2.15,92.0,92.0,1538483259.0
557,narsaq,GL,60.91,-46.05,-46.05,33.8,2.24,55.0,75.0,1538481000.0
1205,isangel,VU,-19.55,169.27,169.27,72.75,11.99,100.0,92.0,1538483326.0
109,diamantino,BR,-14.4,-56.44,-56.44,77.79,4.94,92.0,56.0,1538483245.0
626,mar del plata,AR,-46.43,-67.52,-67.52,40.44,14.34,64.0,0.0,1538483257.0
957,east london,ZA,-33.02,27.91,27.91,69.8,18.34,60.0,20.0,1538481600.0
1019,amboasary,MG,-25.04,46.38,46.38,78.8,26.4,50.0,20.0,1538481600.0
1210,katherine,AU,-14.47,132.26,132.26,84.2,4.7,32.0,40.0,1538481600.0
1489,codrington,AG,,,,,,,,
103,oktyabrskiy,RU,55.61,37.97,37.97,51.8,6.71,71.0,75.0,1538479800.0
1180,carnarvon,AU,-24.87,113.63,113.63,68.52,12.21,93.0,0.0,1538483242.0
521,axim,GH,4.87,-2.24,-2.24,78.6,7.96,98.0,64.0,1538483316.0
1419,xuanhua,CN,40.61,115.04,115.04,44.49,2.71,56.0,0.0,1538483460.0
886,port elizabeth,ZA,-33.92,25.57,25.57,66.2,40.26,59.0,75.0,1538481600.0
1388,qaanaaq,GL,77.48,-69.36,-69.36,21.54,10.87,100.0,36.0,1538483258.0
189,lhuntshi,BT,,,,,,,,
754,busselton,AU,-33.64,115.35,115.35,62.04,22.39,99.0,80.0,1538483239.0
1469,naze,JP,28.37,129.48,129.48,77.34,15.79,100.0,8.0,1538483342.0
671,nouakchott,MR,18.08,-15.98,-15.98,82.02,14.45,90.0,8.0,1538483338.0
1078,jaciara,BR,-15.95,-54.98,-54.98,83.37,4.38,65.0,0.0,1538483399.0
730,victoria,SC,-4.62,55.45,55.45,84.2,5.82,62.0,20.0,1538481600.0
503,butaritari,KI,3.07,172.79,172.79,84.81,3.94,100.0,20.0,1538483235.0
1402,dzerzhinsk,BY,,,,,,,,
767,taolanaro,MG,,,,,,,,
1274,rikitea,PF,-23.12,-134.97,-134.97,66.99,19.71,100.0,92.0,1538483237.0
417,aparecida do taboado,BR,-20.08,-51.1,-51.1,76.17,4.38,78.0,76.0,1538483298.0
330,vila,VU,,,,,,,,
1404,faya,TD,,,,,,,,
704,kawalu,ID,-7.38,108.21,108.21,70.86,2.26,89.0,92.0,1538483343.0
385,hilo,US,19.71,-155.08,-155.08,71.96,6.93,73.0,1.0,1538481360.0
875,tiksi,RU,71.64,128.87,128.87,26.85,8.63,100.0,76.0,1538483332.0
652,hermanus,ZA,-34.42,19.24,19.24,54.84,7.74,88.0,92.0,1538483262.0
826,shaartuz,TJ,,,,,,,,
842,ushuaia,AR,-54.81,-68.31,-68.31,33.8,23.04,86.0,90.0,1538480580.0
836,sabang,ID,1.17,120.82,120.82,84.72,3.04,100.0,0.0,1538483363.0
107,bredasdorp,ZA,-34.53,20.04,20.04,60.8,11.41,51.0,75.0,1538481600.0
245,dvinskoy,RU,62.16,45.12,45.12,50.07,7.07,81.0,56.0,1538483267.0
1361,mataura,PF,,,,,,,,
371,new norfolk,AU,-42.78,147.06,147.06,59.0,12.75,47.0,75.0,1538481600.0
1011,punta arenas,CL,-53.16,-70.91,-70.91,33.8,23.04,69.0,40.0,1538478000.0
127,yulara,AU,-25.24,130.99,130.99,77.0,5.82,29.0,48.0,1538481600.0
986,rikitea,PF,-23.12,-134.97,-134.97,66.99,19.71,100.0,92.0,1538483237.0
234,upernavik,GL,72.79,-56.15,-56.15,35.94,17.47,99.0,24.0,1538483266.0
105,saskylakh,RU,71.97,114.09,114.09,27.12,4.83,90.0,92.0,1538483244.0
725,airai,PW,,,,,,,,
586,surt,LY,31.21,16.59,16.59,81.66,14.23,72.0,92.0,1538483325.0
659,mae sai,TH,20.43,99.88,99.88,73.4,9.17,94.0,75.0,1538478000.0
962,rikitea,PF,-23.12,-134.97,-134.97,66.99,19.71,100.0,92.0,1538483237.0
827,hilo,US,19.71,-155.08,-155.08,71.96,6.93,73.0,1.0,1538481360.0
1386,vaitupu,WF,,,,,,,,
1228,hithadhoo,MV,-0.6,73.08,73.08,82.74,19.82,100.0,92.0,1538483264.0
1206,klaksvik,FO,62.23,-6.59,-6.59,44.6,18.34,81.0,75.0,1538481000.0
745,punta arenas,CL,-53.16,-70.91,-70.91,33.8,23.04,69.0,40.0,1538478000.0
1034,bluff,NZ,-46.6,168.33,168.33,48.18,12.77,100.0,0.0,1538483250.0
673,atuona,PF,-9.8,-139.03,-139.03,78.78,12.66,100.0,92.0,1538483238.0
1493,hobart,AU,-42.88,147.33,147.33,59.0,12.75,47.0,75.0,1538481600.0
1327,saint-philippe,RE,-21.36,55.77,55.77,75.2,13.87,50.0,75.0,1538481600.0
34,mataura,PF,,,,,,,,
1113,hilo,US,19.71,-155.08,-155.08,71.96,6.93,73.0,1.0,1538481360.0
1088,esperance,AU,-33.86,121.89,121.89,56.1,11.1,78.0,92.0,1538483334.0
1229,opuwo,NA,-18.06,13.84,13.84,92.1,10.65,19.0,0.0,1538483432.0
1215,bredasdorp,ZA,-34.53,20.04,20.04,60.8,11.41,51.0,75.0,1538481600.0
65,saint-philippe,RE,-21.36,55.77,55.77,75.2,13.87,50.0,75.0,1538481600.0
682,kapaa,US,22.08,-159.32,-159.32,75.92,4.7,90.0,75.0,1538481360.0
1473,saint george,BM,32.38,-64.68,-64.68,75.2,21.92,88.0,75.0,1538482080.0
953,qaanaaq,GL,77.48,-69.36,-69.36,21.54,10.87,100.0,36.0,1538483258.0
502,pundaguitan,PH,6.37,126.17,126.17,82.56,9.98,100.0,32.0,1538483312.0
176,mataura,PF,,,,,,,,
1242,emmett,US,43.87,-116.5,-116.5,59.0,3.36,71.0,48.0,1538482500.0
1330,mysen,NO,59.56,11.32,11.32,42.8,5.82,93.0,75.0,1538481000.0
391,coihaique,CL,-45.58,-72.07,-72.07,39.2,4.7,60.0,20.0,1538478000.0
1308,manitouwadge,CA,49.12,-85.84,-85.84,28.4,2.24,100.0,90.0,1538481600.0
939,silver city,US,32.77,-108.28,-108.28,53.6,6.93,88.0,1.0,1538481300.0
1375,beyneu,KZ,45.32,55.19,55.19,76.71,4.5,26.0,0.0,1538483454.0
636,ribeira grande,PT,38.52,-28.7,-28.7,73.4,12.75,78.0,40.0,1538481600.0
474,cape town,ZA,-33.93,18.42,18.42,62.6,26.4,55.0,40.0,1538481600.0
1439,denpasar,ID,-8.65,115.22,115.22,80.6,16.11,83.0,20.0,1538481600.0
403,chernigovka,RU,44.34,132.57,132.57,53.58,8.75,77.0,0.0,1538483292.0
494,new norfolk,AU,-42.78,147.06,147.06,59.0,12.75,47.0,75.0,1538481600.0
814,bay roberts,CA,47.58,-53.28,-53.28,46.4,11.41,75.0,20.0,1538481600.0
548,albany,AU,-35.02,117.88,117.88,53.4,11.65,73.0,36.0,1538483253.0
967,klaksvik,FO,62.23,-6.59,-6.59,44.6,18.34,81.0,75.0,1538481000.0
658,almansa,ES,38.87,-1.1,-1.1,64.4,2.24,39.0,0.0,1538481600.0
434,leshukonskoye,RU,64.9,45.76,45.76,47.46,5.73,82.0,88.0,1538483301.0
522,vangaindrano,MG,-23.35,47.6,47.6,74.46,6.17,70.0,0.0,1538483316.0
1080,ruteng,ID,-8.61,120.46,120.46,72.12,2.93,93.0,12.0,1538483400.0
174,olafsvik,IS,,,,,,,,
489,kovur,IN,14.5,79.99,79.99,91.29,11.65,45.0,0.0,1538483310.0
276,ferkessedougou,CI,9.6,-5.2,-5.2,77.97,6.73,100.0,80.0,1538483272.0
713,poum,NC,-20.23,164.02,164.02,70.41,18.03,100.0,0.0,1538483344.0
858,natal,BR,-5.81,-35.21,-35.21,86.0,19.46,51.0,40.0,1538481600.0
747,mazara del vallo,IT,37.65,12.59,12.59,66.2,5.82,88.0,40.0,1538481300.0
553,amahai,ID,-3.31,129.0,129.0,81.84,13.67,99.0,92.0,1538483320.0
1312,kloulklubed,PW,7.04,134.26,134.26,82.4,5.82,78.0,75.0,1538481000.0
1040,taolanaro,MG,,,,,,,,
229,mayya,RU,61.74,130.28,130.28,39.2,6.71,70.0,0.0,1538479800.0
420,port alfred,ZA,-33.59,26.89,26.89,70.32,25.52,71.0,48.0,1538483229.0
411,sao geraldo do araguaia,BR,-6.4,-48.55,-48.55,86.88,3.94,64.0,0.0,1538483294.0
650,mataura,PF,,,,,,,,
889,sinnamary,GF,5.38,-52.96,-52.96,83.73,10.2,89.0,0.0,1538483365.0
1345,sikonge,TZ,-5.63,32.75,32.75,87.8,17.22,31.0,40.0,1538478000.0
209,kapaa,US,22.08,-159.32,-159.32,75.92,4.7,90.0,75.0,1538481360.0
6,malyn,UA,50.77,29.25,29.25,62.6,6.71,63.0,75.0,1538479800.0
903,geraldton,AU,-28.77,114.6,114.6,68.0,17.22,60.0,0.0,1538481600.0
785,ushuaia,AR,-54.81,-68.31,-68.31,33.8,23.04,86.0,90.0,1538480580.0
686,rikitea,PF,-23.12,-134.97,-134.97,66.99,19.71,100.0,92.0,1538483237.0
724,jacksonville,US,30.33,-81.66,-81.66,78.98,10.29,97.0,40.0,1538482500.0
1240,vallenar,CL,-28.58,-70.76,-70.76,52.14,1.92,69.0,0.0,1538483434.0
239,jamestown,SH,-15.94,-5.72,-5.72,67.8,16.69,100.0,68.0,1538483251.0
940,ixtapa,MX,20.71,-105.21,-105.21,77.0,5.82,100.0,90.0,1538480820.0
1408,hobart,AU,-42.88,147.33,147.33,59.0,12.75,47.0,75.0,1538481600.0
442,narsaq,GL,60.91,-46.05,-46.05,33.8,2.24,55.0,75.0,1538481000.0
512,cape town,ZA,-33.93,18.42,18.42,62.6,26.4,55.0,40.0,1538481600.0
527,hobart,AU,-42.88,147.33,147.33,59.0,12.75,47.0,75.0,1538481600.0
1139,taolanaro,MG,,,,,,,,
973,moche,PE,-8.17,-79.01,-79.01,60.8,4.7,93.0,90.0,1538481600.0
1423,dikson,RU,73.51,80.55,80.55,38.55,15.57,100.0,80.0,1538483230.0
1411,punta arenas,CL,-53.16,-70.91,-70.91,33.8,23.04,69.0,40.0,1538478000.0
1397,bethel,US,60.79,-161.76,-161.76,48.02,9.17,82.0,75.0,1538481180.0
111,taolanaro,MG,,,,,,,,
705,thompson,CA,55.74,-97.86,-97.86,24.8,5.82,92.0,20.0,1538481600.0
1089,rikitea,PF,-23.12,-134.97,-134.97,66.99,19.71,100.0,92.0,1538483237.0
784,faanui,PF,-16.48,-151.75,-151.75,76.71,21.5,100.0,56.0,1538483335.0
786,cherskiy,RU,68.75,161.3,161.3,32.7,2.15,84.0,0.0,1538483355.0
1219,necochea,AR,-38.55,-58.74,-58.74,47.01,12.88,74.0,0.0,1538483431.0
31,norman wells,CA,65.28,-126.83,-126.83,30.2,5.82,80.0,75.0,1538481600.0
240,petropavlovsk-kamchatskiy,RU,53.05,158.65,158.65,42.8,8.95,92.0,40.0,1538478000.0
303,asyut,EG,27.18,31.19,31.19,95.97,10.76,36.0,0.0,1538483276.0
369,havoysund,NO,71.0,24.66,24.66,39.2,16.11,64.0,75.0,1538481000.0
674,maceio,BR,-9.67,-35.74,-35.74,80.6,9.17,65.0,75.0,1538481600.0
27,dikson,RU,73.51,80.55,80.55,38.55,15.57,100.0,80.0,1538483230.0
1278,butaritari,KI,3.07,172.79,172.79,84.81,3.94,100.0,20.0,1538483235.0
848,kulhudhuffushi,MV,6.62,73.07,73.07,80.4,11.99,100.0,92.0,1538483365.0
869,ushuaia,AR,-54.81,-68.31,-68.31,33.8,23.04,86.0,90.0,1538480580.0
1256,labuhan,ID,-2.54,115.51,115.51,76.17,2.59,89.0,24.0,1538483436.0
1181,mataura,PF,,,,,,,,
1287,surt,LY,31.21,16.59,16.59,81.66,14.23,72.0,92.0,1538483325.0
738,saint-philippe,RE,-21.36,55.77,55.77,75.2,13.87,50.0,75.0,1538481600.0
361,tarudant,MA,,,,,,,,
1264,port macquarie,AU,-31.43,152.91,152.91,57.2,3.36,76.0,0.0,1538481600.0
132,rikitea,PF,-23.12,-134.97,-134.97,66.99,19.71,100.0,92.0,1538483237.0
133,new norfolk,AU,-42.78,147.06,147.06,59.0,12.75,47.0,75.0,1538481600.0
1126,east london,ZA,-33.02,27.91,27.91,69.8,18.34,60.0,20.0,1538481600.0
1172,atuona,PF,-9.8,-139.03,-139.03,78.78,12.66,100.0,92.0,1538483238.0
42,busselton,AU,-33.64,115.35,115.35,62.04,22.39,99.0,80.0,1538483227.0
1110,rawson,AR,-43.3,-65.11,-65.11,47.01,18.37,40.0,24.0,1538483330.0
1364,sorvag,FO,,,,,,,,
1048,haibowan,CN,,,,,,,,
1478,nikolskoye,RU,59.7,30.79,30.79,50.0,11.18,76.0,75.0,1538479800.0
678,samalaeulu,WS,,,,,,,,
479,hermanus,ZA,-34.42,19.24,19.24,54.84,7.74,88.0,92.0,1538483262.0
1207,dianopolis,BR,,,,,,,,
1035,mataura,PF,,,,,,,,
241,busselton,AU,-33.64,115.35,115.35,62.04,22.39,99.0,80.0,1538483239.0
638,la palma,PA,8.4,-78.14,-78.14,73.2,3.71,100.0,92.0,1538483333.0
1282,carutapera,BR,-1.2,-46.02,-46.02,85.71,12.44,71.0,0.0,1538483440.0
958,moree,AU,-29.46,149.84,149.84,60.6,8.97,54.0,12.0,1538483384.0
43,busselton,AU,-33.64,115.35,115.35,62.04,22.39,99.0,80.0,1538483227.0
943,bambous virieux,MU,-20.34,57.76,57.76,75.2,11.41,64.0,75.0,1538481600.0
1393,saint-pierre,PM,46.77,-56.17,-56.17,50.0,9.17,66.0,40.0,1538481600.0
475,albany,AU,-35.02,117.88,117.88,53.4,11.65,73.0,36.0,1538483253.0
228,atuona,PF,-9.8,-139.03,-139.03,78.78,12.66,100.0,92.0,1538483238.0
183,mar del plata,AR,-46.43,-67.52,-67.52,40.44,14.34,64.0,0.0,1538483257.0
143,kodiak,US,39.95,-94.76,-94.76,59.0,4.5,93.0,90.0,1538481840.0
1302,preobrazheniye,RU,42.9,133.91,133.91,40.26,3.15,84.0,0.0,1538483160.0
39,ust-nera,RU,64.57,143.24,143.24,20.64,2.15,100.0,88.0,1538483231.0
538,kamenskoye,RU,,,,,,,,
879,ushuaia,AR,-54.81,-68.31,-68.31,33.8,23.04,86.0,90.0,1538480580.0
1187,new norfolk,AU,-42.78,147.06,147.06,59.0,12.75,47.0,75.0,1538481600.0
698,jamestown,SH,-15.94,-5.72,-5.72,67.8,16.69,100.0,68.0,1538483251.0
1421,rikitea,PF,-23.12,-134.97,-134.97,66.99,19.71,100.0,92.0,1538483237.0
326,panzhihua,CN,26.59,101.72,101.72,57.81,2.15,99.0,100.0,1538483281.0
390,rikitea,PF,-23.12,-134.97,-134.97,66.99,19.71,100.0,92.0,1538483237.0
1134,thompson,CA,55.74,-97.86,-97.86,24.8,5.82,92.0,20.0,1538481600.0
281,mataura,PF,,,,,,,,
615,donauworth,DE,48.7,10.8,10.8,51.8,12.75,57.0,40.0,1538481360.0
261,thompson,CA,55.74,-97.86,-97.86,24.8,5.82,92.0,20.0,1538481600.0
1430,vaini,TO,-21.2,-175.2,-175.2,69.8,10.29,83.0,20.0,1538481600.0
910,ushuaia,AR,-54.81,-68.31,-68.31,33.8,23.04,86.0,90.0,1538480580.0
1283,avarua,CK,-21.21,-159.78,-159.78,68.0,6.93,49.0,20.0,1538481600.0
1365,kalianget,ID,-7.35,109.91,109.91,72.03,2.37,92.0,76.0,1538483453.0
71,rikitea,PF,-23.12,-134.97,-134.97,66.99,19.71,100.0,92.0,1538483237.0
1381,tiksi,RU,71.64,128.87,128.87,26.85,8.63,100.0,76.0,1538483332.0
15,hatillo,US,,,,,,,,
926,nikolskoye,RU,59.7,30.79,30.79,50.0,11.18,76.0,75.0,1538479800.0
272,olafsvik,IS,,,,,,,,
2,rikitea,PF,-23.12,-134.97,-134.97,66.99,19.71,100.0,92.0,1538483224.0
859,butaritari,KI,3.07,172.79,172.79,84.81,3.94,100.0,20.0,1538483235.0
350,dhrangadhra,IN,22.99,71.47,71.47,97.23,3.6,35.0,0.0,1538483284.0
